gppd_idnr,name,country,country_long,fuel,capacity_mw,commissioning_year,age_2020_years,lifetime,remaining_life_2020_years,carbon_intensity_tCO2_per_MWh_elec,om_variable_eur2024_per_MWh,capacity_factor_2020,latitude,longitude
WRI1002253,LANGERLO 1,BEL,Belgium,coal,470.0,1968,52,40,-12,0.9204324324324323,5.0,0.85,50.9405,5.4906
WRI1075858,AES Galabovo,BGR,Bulgaria,coal,670.0,2011,9,40,31,0.9204324324324323,5.0,0.3251744397488632,42.1573,25.9084
WRI1008057,Bobov Dol power station,BGR,Bulgaria,coal,630.0,1974,46,40,-6,0.9204324324324323,5.0,0.3251744397488632,42.2855,23.0342
WRI1008041,Brikel power station,BGR,Bulgaria,coal,240.0,1961,59,40,-19,0.9204324324324323,5.0,0.3251744397488632,42.1551,25.9072
WRI1008042,Deven power station,BGR,Bulgaria,coal,174.0,2009,11,40,29,0.9204324324324323,5.0,0.3251744397488632,43.1964,27.6327
WRI1008058,Maritsa 3 power station,BGR,Bulgaria,coal,120.0,1971,49,40,-9,0.9204324324324323,5.0,0.3251744397488632,42.0519,25.6231
WRI1008060,Maritsa Itzok-2 power station,BGR,Bulgaria,coal,1602.0,1979,41,40,-1,0.9204324324324323,5.0,0.3251744397488632,42.2541,26.134
WRI1008061,Maritsa Itzok-3 power station,BGR,Bulgaria,coal,908.0,1980,40,40,0,0.9204324324324323,5.0,0.3251744397488632,42.145,26.0025
WRI1008046,RUSE,BGR,Bulgaria,coal,180.0,1974,46,40,-6,0.9204324324324323,5.0,0.3251744397488632,43.8662,26.0093
WRI1008045,Republika power station,BGR,Bulgaria,coal,105.0,1951,69,40,-29,0.9204324324324323,5.0,0.3251744397488632,42.6064,23.0784
WRI1008059,TOPLO RUSE,BGR,Bulgaria,coal,110.0,1974,46,40,-6,0.9204324324324323,5.0,0.3251744397488632,42.2569,26.136
WRI1075859,Vidin Works power station,BGR,Bulgaria,coal,120.0,1970,50,40,-10,0.9204324324324323,5.0,0.3251744397488632,43.9484,22.8509
GEODB0044820,Plomin Thermal Power Plant Croatia,HRV,Croatia,coal,330.0,1980,40,40,0,0.9204324324324323,5.0,0.85,45.137,14.164
WRI1075824,Brno power station,CZE,Czech Republic,coal,72.0,1984,36,40,4,0.9204324324324323,5.0,0.4971992992617514,49.2159,16.6064
WRI1019222,Chvaletice power station,CZE,Czech Republic,coal,820.0,1978,42,40,-2,0.9204324324324323,5.0,0.4971992992617514,50.0275,15.4505
WRI1019164,Detmarovice power station,CZE,Czech Republic,coal,800.0,1976,44,40,-4,0.9204324324324323,5.0,0.4971992992617514,49.9072,18.4646
WRI1019165,Hodonin power station,CZE,Czech Republic,coal,105.0,1957,63,40,-23,0.9204324324324323,5.0,0.4971992992617514,48.8474,17.1197
WRI1019206,Kladno,CZE,Czech Republic,coal,404.0,2014,6,40,34,0.9204324324324323,5.0,0.4971992992617514,50.1532,14.129
WRI1019224,Komorany power station,CZE,Czech Republic,coal,210.0,1956,64,40,-24,0.9204324324324323,5.0,0.4971992992617514,50.522,13.5718
WRI1019166,Ledvice power station,CZE,Czech Republic,coal,640.0,1969,51,40,-11,0.9204324324324323,5.0,0.4971992992617514,50.5763,13.7803
WRI1075825,Malesice power station,CZE,Czech Republic,coal,165.0,1969,51,40,-11,0.9204324324324323,5.0,0.4971992992617514,50.085,14.5253
WRI1019167,Melnik power station,CZE,Czech Republic,coal,960.0,1973,47,40,-7,0.9204324324324323,5.0,0.4971992992617514,50.4131,14.4158
WRI1075826,Opatovice power station,CZE,Czech Republic,coal,360.0,1959,61,40,-21,0.9204324324324323,5.0,0.4971992992617514,50.1265,15.7933
WRI1019225,Plzenska Tepalrenska,CZE,Czech Republic,coal,137.0,1973,47,40,-7,0.9204324324324323,5.0,0.4971992992617514,49.7542,13.3988
WRI1075827,Plzenska energetika ELU III,CZE,Czech Republic,coal,65.0,1972,48,40,-8,0.9204324324324323,5.0,0.4971992992617514,49.7395,13.3455
WRI1019168,Pocerady power station,CZE,Czech Republic,coal,1000.0,1973,47,40,-7,0.9204324324324323,5.0,0.4971992992617514,50.4278,13.6777
WRI1019169,Porici power station,CZE,Czech Republic,coal,165.0,1957,63,40,-23,0.9204324324324323,5.0,0.4971992992617514,50.5727,15.9634
WRI1019170,Prunerov,CZE,Czech Republic,coal,750.0,2016,4,40,36,0.9204324324324323,5.0,0.4971992992617514,50.4178,13.2592
WRI1075828,Sko-Energo power station,CZE,Czech Republic,coal,70.0,1999,21,40,19,0.9204324324324323,5.0,0.4971992992617514,50.4125,14.9044
WRI1075829,Steti Mondi power station,CZE,Czech Republic,coal,144.0,1973,47,40,-7,0.9204324324324323,5.0,0.4971992992617514,50.4616,14.38
WRI1019171,Tisova power station,CZE,Czech Republic,coal,296.0,1960,60,40,-20,0.9204324324324323,5.0,0.4971992992617514,50.1496,12.6108
WRI1075830,Trebovice power station,CZE,Czech Republic,coal,177.0,1994,26,40,14,0.9204324324324323,5.0,0.4971992992617514,49.8319,18.2113
WRI1019172,Trmice,CZE,Czech Republic,coal,159.0,1973,47,40,-7,0.9204324324324323,5.0,0.4971992992617514,50.645,13.9865
WRI1019173,Tusimice power station,CZE,Czech Republic,coal,800.0,1974,46,40,-6,0.9204324324324323,5.0,0.4971992992617514,50.381,13.3399
WRI1019207,Zlin power station,CZE,Czech Republic,coal,64.0,2001,19,40,21,0.9204324324324323,5.0,0.4971992992617514,49.2257,17.654
WRI1022036,Amager power station,DNK,Denmark,coal,330.0,1982,38,40,2,0.9204324324324323,5.0,0.11456586459648396,55.6859,12.6277
WRI1022027,Asnaes power station,DNK,Denmark,coal,787.0,1975,45,40,-5,0.9204324324324323,5.0,0.11456586459648396,55.6615,11.0809
WRI1022026,Avedoerevaerket (AvedÃ¸re),DNK,Denmark,coal,815.0,1982,38,40,2,0.9204324324324323,5.0,0.11456586459648396,55.6035,12.4812
WRI1022031,Enstedvaerket,DNK,Denmark,coal,626.0,1979,41,40,-1,0.9204324324324323,5.0,0.11456586459648396,55.0206,9.4419
WRI1022035,Esbjerg power station,DNK,Denmark,coal,407.0,1992,28,40,12,0.9204324324324323,5.0,0.11456586459648396,55.4552,8.4544
WRI1022032,Fyns power station,DNK,Denmark,coal,362.0,1984,36,40,4,0.9204324324324323,5.0,0.11456586459648396,55.4292,10.4104
WRI1022029,Nordjylland power station,DNK,Denmark,coal,716.0,1989,31,40,9,0.9204324324324323,5.0,0.11456586459648396,57.0736,10.0416
WRI1022042,Randers,DNK,Denmark,coal,52.0,1982,38,40,2,0.9204324324324323,5.0,0.11456586459648396,56.4584,10.0475
WRI1022037,Stigsnaesvaerket,DNK,Denmark,coal,264.0,1970,50,40,-10,0.9204324324324323,5.0,0.11456586459648396,55.2079,11.2528
WRI1022028,Studstrupvaerket,DNK,Denmark,coal,730.0,1982,38,40,2,0.9204324324324323,5.0,0.11456586459648396,56.2521,10.3423
WRI1002325,Hanasaari B,FIN,Finland,coal,212.0,1981,39,40,1,0.9204324324324323,5.0,0.7979792816738227,60.1841,24.9711
WRI1002454,Meri-Pori,FIN,Finland,coal,565.0,1981,39,40,1,0.9204324324324323,5.0,0.7979792816738227,61.6317,21.4068
WRI1002525,Salmisaari B,FIN,Finland,coal,163.0,1981,39,40,1,0.9204324324324323,5.0,0.7979792816738227,60.1656,24.9048
WRI1075850,Suomenoja power station,FIN,Finland,coal,170.0,1981,39,40,1,0.9204324324324323,5.0,0.7979792816738227,60.1483,24.7183
WRI1002578,Vaskiluoto 2,FIN,Finland,coal,230.0,1981,39,40,1,0.9204324324324323,5.0,0.7979792816738227,63.0914,21.5539
WRI1002713,CORDEMAIS 4,FRA,France,coal,1160.0,1980,40,40,0,0.9204324324324323,5.0,0.85,47.2756,-1.8779
WRI1002725,EMILE HUCHET,FRA,France,coal,995.0,1980,40,40,0,0.9204324324324323,5.0,0.85,49.151,6.697
WRI1002736,HAVRE 4,FRA,France,coal,580.0,1980,40,40,0,0.9204324324324323,5.0,0.85,49.4757,0.1491
WRI1002739,LUCY 3,FRA,France,coal,245.0,1980,40,40,0,0.9204324324324323,5.0,0.85,46.667,4.351
WRI1002760,PROVENCE 5,FRA,France,coal,595.0,1980,40,40,0,0.9204324324324323,5.0,0.85,43.4672,5.4875
WRI1005737,Altbach power station,DEU,Germany,coal,769.0,1992,28,40,12,0.9204324324324323,5.0,0.4958892386506245,48.7176,9.3749
WRI1005584,Bergkamen power station,DEU,Germany,coal,717.0,1981,39,40,1,0.9204324324324323,5.0,0.4958892386506245,51.637,7.6191
WRI1005950,Berlin-Moabit power station,DEU,Germany,coal,89.0,1990,30,40,10,0.9204324324324323,5.0,0.4958892386506245,52.5374,13.3461
WRI1006022,Berlin-Reuter power station,DEU,Germany,coal,124.0,1969,51,40,-11,0.9204324324324323,5.0,0.4958892386506245,52.5321,13.2461
WRI1006024,Berlin-Reuter-West power station,DEU,Germany,coal,564.0,1988,32,40,8,0.9204324324324323,5.0,0.4958892386506245,52.5351,13.2426
WRI1005614,BoA 2,DEU,Germany,coal,2100.0,2012,8,40,32,0.9204324324324323,5.0,0.4958892386506245,51.0365,6.6133
WRI1005616,Boxberg power station,DEU,Germany,coal,2585.0,1989,31,40,9,0.9204324324324323,5.0,0.4958892386506245,51.4163,14.5619
WRI1005619,Braunkohlekraftwerk Lippendorf,DEU,Germany,coal,875.0,1999,21,40,19,0.9204324324324323,5.0,0.4958892386506245,51.1821,12.3733
WRI1005676,Bremen-Farge power station,DEU,Germany,coal,350.0,1969,51,40,-11,0.9204324324324323,5.0,0.4958892386506245,53.2021,8.5162
WRI1005685,Buer power station,DEU,Germany,coal,70.0,1985,35,40,5,0.9204324324324323,5.0,0.4958892386506245,51.6028,7.0094
WRI1005623,Buschhaus power station,DEU,Germany,coal,352.0,1985,35,40,5,0.9204324324324323,5.0,0.4958892386506245,52.1724,10.9768
WRI1075564,Chemiepark Marl power station,DEU,Germany,coal,136.0,1974,46,40,-6,0.9204324324324323,5.0,0.4958892386506245,51.6846,7.1
WRI1005777,Chemnitz Nord power station,DEU,Germany,coal,56.8,1989,31,40,9,0.9204324324324323,5.0,0.4958892386506245,50.857,12.9231
WRI1006094,Coal Plant #1,DEU,Germany,coal,17.5,2005,15,40,25,0.9204324324324323,5.0,0.4958892386506245,51.0489,12.1104
WRI1006096,Coal Plant #2,DEU,Germany,coal,18.5,1986,34,40,6,0.9204324324324323,5.0,0.4958892386506245,48.5272,8.0868
WRI1005800,Cologne-Merkenich power station,DEU,Germany,coal,75.3,2010,10,40,30,0.9204324324324323,5.0,0.4958892386506245,51.0178,6.9643
WRI1005779,Cottbus CHP power station,DEU,Germany,coal,74.0,1999,21,40,19,0.9204324324324323,5.0,0.4958892386506245,51.7602,14.37
WRI1005878,Dessau power station,DEU,Germany,coal,49.0,1996,24,40,16,0.9204324324324323,5.0,0.4958892386506245,51.8269,12.23
WRI1005631,Deuben power station,DEU,Germany,coal,86.0,1936,84,40,-44,0.9204324324324323,5.0,0.4958892386506245,51.1119,12.0762
WRI1005673,EZ1,DEU,Germany,coal,18.5,1993,27,40,13,0.9204324324324323,5.0,0.4958892386506245,51.0489,12.1104
WRI1005679,FKK,DEU,Germany,coal,33.5,1988,32,40,8,0.9204324324324323,5.0,0.4958892386506245,51.2791,9.484
WRI1005743,Flensburg power station,DEU,Germany,coal,195.0,1986,34,40,6,0.9204324324324323,5.0,0.4958892386506245,54.8049,9.4324
WRI1005680,Fortuna Nord,DEU,Germany,coal,15.0,1984,36,40,4,0.9204324324324323,5.0,0.4958892386506245,50.9456,6.6636
WRI1005683,Frimmersdorf power station,DEU,Germany,coal,562.0,1962,58,40,-18,0.9204324324324323,5.0,0.4958892386506245,51.0574,6.5771
WRI1005686,G-Kraftwerk,DEU,Germany,coal,103.0,1962,58,40,-18,0.9204324324324323,5.0,0.4958892386506245,51.3689,6.6541
WRI1005697,GKH Hannover power station,DEU,Germany,coal,272.0,1989,31,40,9,0.9204324324324323,5.0,0.4958892386506245,52.42,9.6486
WRI1005699,GKM (Mannheim) power station,DEU,Germany,coal,1958.0,1980,40,40,0,0.9204324324324323,5.0,0.4958892386506245,49.4452,8.4891
WRI1005705,Grubenheizkraftwerk,DEU,Germany,coal,49.0,1979,41,40,-1,0.9204324324324323,5.0,0.4958892386506245,51.4627,11.714
WRI1005784,HKW Erlangen (Coal),DEU,Germany,coal,17.4,1980,40,40,0,0.9204324324324323,5.0,0.4958892386506245,49.5928,11.0015
WRI1005792,HKW I,DEU,Germany,coal,95.0,1985,35,40,5,0.9204324324324323,5.0,0.4958892386506245,51.4293,6.752
WRI1005795,HKW Karcherstr. (Coal),DEU,Germany,coal,13.4,1996,24,40,16,0.9204324324324323,5.0,0.4958892386506245,49.4346,7.7582
WRI1005804,HKW Nord,DEU,Germany,coal,61.5,2000,20,40,20,0.9204324324324323,5.0,0.4958892386506245,52.4328,10.7861
WRI1005805,HKW Nord West,DEU,Germany,coal,200.0,1985,35,40,5,0.9204324324324323,5.0,0.4958892386506245,51.2529,9.438
WRI1005809,HKW Sachtleben,DEU,Germany,coal,27.5,1962,58,40,-18,0.9204324324324323,5.0,0.4958892386506245,51.4409,6.7054
WRI1005818,HKW West,DEU,Germany,coal,138.5,1985,35,40,5,0.9204324324324323,5.0,0.4958892386506245,52.4422,10.7645
WRI1005817,HKW West,DEU,Germany,coal,123.0,1989,31,40,9,0.9204324324324323,5.0,0.4958892386506245,50.0984,8.6531
WRI1005902,Hafen power station,DEU,Germany,coal,427.0,1973,47,40,-7,0.9204324324324323,5.0,0.4958892386506245,53.1249,8.7287
WRI1005953,Hamburg-Moorburg,DEU,Germany,coal,1600.0,2015,5,40,35,0.9204324324324323,5.0,0.4958892386506245,53.489,9.949
WRI1005903,Hastedt power station,DEU,Germany,coal,119.0,1989,31,40,9,0.9204324324324323,5.0,0.4958892386506245,53.0601,8.8733
WRI1005747,Heilbronn power station,DEU,Germany,coal,778.0,1977,43,40,-3,0.9204324324324323,5.0,0.4958892386506245,49.1773,9.2063
WRI1005734,Heizkraftwerk 3,DEU,Germany,coal,211.0,1989,31,40,9,0.9204324324324323,5.0,0.4958892386506245,49.249,6.8792
WRI1005742,Heizkraftwerk FFO,DEU,Germany,coal,45.0,1997,23,40,17,0.9204324324324323,5.0,0.4958892386506245,52.346,14.546
WRI1005752,Heizkraftwerk Magirusstraße,DEU,Germany,coal,20.7,1978,42,40,-2,0.9204324324324323,5.0,0.4958892386506245,48.397,9.9648
WRI1005760,Heizkraftwerk Stuttgart-Gaisburg,DEU,Germany,coal,22.6,2009,11,40,29,0.9204324324324323,5.0,0.4958892386506245,48.7825,9.2315
WRI1005740,Heizkraftwerk der Sappi Stockstadt GmbH,DEU,Germany,coal,24.8,1969,51,40,-11,0.9204324324324323,5.0,0.4958892386506245,49.9774,9.0687
WRI1005904,Herne power station,DEU,Germany,coal,729.0,1976,44,40,-4,0.9204324324324323,5.0,0.4958892386506245,51.5508,7.1875
WRI1005765,Heyden power station,DEU,Germany,coal,875.0,1987,33,40,7,0.9204324324324323,5.0,0.4958892386506245,52.3828,8.996
WRI1005754,Hkw Offenbach power station,DEU,Germany,coal,54.0,1988,32,40,8,0.9204324324324323,5.0,0.4958892386506245,50.0652,8.769
WRI1006123,Huerth Ville / Berrenrath power station,DEU,Germany,coal,52.0,1991,29,40,11,0.9204324324324323,5.0,0.4958892386506245,50.8614,6.8407
WRI1005832,Ibbenbüren-B power station,DEU,Germany,coal,794.0,1985,35,40,5,0.9204324324324323,5.0,0.4958892386506245,52.2888,7.7479
WRI1005840,Industrie-Kraftwerk,DEU,Germany,coal,79.0,1975,45,40,-5,0.9204324324324323,5.0,0.4958892386506245,51.5649,6.5782
WRI1005906,Janschwalde power station,DEU,Germany,coal,2790.0,1985,35,40,5,0.9204324324324323,5.0,0.4958892386506245,51.8344,14.459
WRI1005915,KW Voerde,DEU,Germany,coal,1390.0,1985,35,40,5,0.9204324324324323,5.0,0.4958892386506245,51.5765,6.6894
WRI1005916,KW Walsum,DEU,Germany,coal,1200.0,1985,35,40,5,0.9204324324324323,5.0,0.4958892386506245,51.5267,6.7187
WRI1005917,KW West,DEU,Germany,coal,640.0,1971,49,40,-9,0.9204324324324323,5.0,0.4958892386506245,51.5796,6.6789
WRI1005928,KWM,DEU,Germany,coal,690.0,1979,41,40,-1,0.9204324324324323,5.0,0.4958892386506245,52.315,10.0914
WRI1005860,Kessel 4,DEU,Germany,coal,9.3,1983,37,40,3,0.9204324324324323,5.0,0.4958892386506245,50.777,6.486
WRI1005692,Kiel power station,DEU,Germany,coal,323.0,1970,50,40,-10,0.9204324324324323,5.0,0.4958892386506245,54.3394,10.1766
WRI1005864,Klingenberg,DEU,Germany,coal,164.0,1981,39,40,1,0.9204324324324323,5.0,0.4958892386506245,52.4889,13.497
WRI1005869,Kohlekraftwerk,DEU,Germany,coal,14.4,2010,10,40,30,0.9204324324324323,5.0,0.4958892386506245,50.7055,6.6536
WRI1005874,Kraftwerk,DEU,Germany,coal,10.0,1995,25,40,15,0.9204324324324323,5.0,0.4958892386506245,50.9456,6.665
WRI1005877,Kraftwerk Bexbach,DEU,Germany,coal,721.0,1983,37,40,3,0.9204324324324323,5.0,0.4958892386506245,49.3635,7.2371
WRI1005879,Kraftwerk Ensdorf,DEU,Germany,coal,389.0,1985,35,40,5,0.9204324324324323,5.0,0.4958892386506245,49.2932,6.7709
WRI1005883,Kraftwerk II,DEU,Germany,coal,296.2,1966,54,40,-14,0.9204324324324323,5.0,0.4958892386506245,51.6804,7.0969
WRI1005885,Kraftwerk L 57,DEU,Germany,coal,26.0,1957,63,40,-23,0.9204324324324323,5.0,0.4958892386506245,51.3698,6.6615
WRI1005889,Kraftwerk N 230,DEU,Germany,coal,110.0,1971,49,40,-9,0.9204324324324323,5.0,0.4958892386506245,51.3698,6.6615
WRI1005898,Kraftwerk Werdohl-Elverlingsen,DEU,Germany,coal,310.0,1982,38,40,2,0.9204324324324323,5.0,0.4958892386506245,51.2764,7.7057
WRI1005935,Lippendorf power station,DEU,Germany,coal,875.0,2000,20,40,20,0.9204324324324323,5.0,0.4958892386506245,51.1821,12.3733
WRI1005911,Lünen power station (KSBG),DEU,Germany,coal,473.0,1967,53,40,-13,0.9204324324324323,5.0,0.4958892386506245,51.614,7.4643
WRI1005952,Modellkraftwerk,DEU,Germany,coal,179.0,1982,38,40,2,0.9204324324324323,5.0,0.4958892386506245,49.249,6.8792
WRI1005977,Neurath power station,DEU,Germany,coal,2068.0,1974,46,40,-6,0.9204324324324323,5.0,0.4958892386506245,51.0395,6.615
WRI1005979,Niederaussem power station,DEU,Germany,coal,3430.0,1979,41,40,-1,0.9204324324324323,5.0,0.4958892386506245,50.993,6.6685
WRI1005982,Nord 2,DEU,Germany,coal,332.7,1991,29,40,11,0.9204324324324323,5.0,0.4958892386506245,48.1805,11.6393
WRI1005993,P&L Werk Euskirchen,DEU,Germany,coal,14.5,1985,35,40,5,0.9204324324324323,5.0,0.4958892386506245,50.658,6.8101
WRI1005994,P&L Werk Jülich,DEU,Germany,coal,24.6,2004,16,40,24,0.9204324324324323,5.0,0.4958892386506245,50.9152,6.3693
WRI1005995,P&L Werk Könnern,DEU,Germany,coal,20.3,1993,27,40,13,0.9204324324324323,5.0,0.4958892386506245,51.6978,11.7581
WRI1005757,Pforzheim power station,DEU,Germany,coal,26.9,1990,30,40,10,0.9204324324324323,5.0,0.4958892386506245,48.8973,8.7245
WRI1006017,Reno De Medici,DEU,Germany,coal,19.0,1985,35,40,5,0.9204324324324323,5.0,0.4958892386506245,51.3914,8.073
WRI1006026,Rheinhafen-Dampfkraftwerk,DEU,Germany,coal,1547.0,1985,35,40,5,0.9204324324324323,5.0,0.4958892386506245,49.0134,8.3065
WRI1005866,Rostock power station,DEU,Germany,coal,514.0,1994,26,40,14,0.9204324324324323,5.0,0.4958892386506245,54.1428,12.1329
WRI1006041,Schkopau power station,DEU,Germany,coal,900.0,1996,24,40,16,0.9204324324324323,5.0,0.4958892386506245,51.3985,11.9504
WRI1006042,Scholven power station,DEU,Germany,coal,690.0,1973,47,40,-7,0.9204324324324323,5.0,0.4958892386506245,51.6024,7.0099
WRI1006045,Schwarze Pumpe power station,DEU,Germany,coal,1500.0,1998,22,40,18,0.9204324324324323,5.0,0.4958892386506245,51.5348,14.3531
WRI1006056,Staudinger power station,DEU,Germany,coal,1132.0,1992,28,40,12,0.9204324324324323,5.0,0.4958892386506245,50.0886,8.9534
WRI1006019,Stuttgart-Muenster,DEU,Germany,coal,159.9,1983,37,40,3,0.9204324324324323,5.0,0.4958892386506245,48.8158,9.2211
WRI1006069,Tiefstack power station,DEU,Germany,coal,194.0,1993,27,40,13,0.9204324324324323,5.0,0.4958892386506245,53.5262,10.0632
WRI1006073,Trianel Kohlekraftwerk Lünen,DEU,Germany,coal,746.0,2013,7,40,33,0.9204324324324323,5.0,0.4958892386506245,51.6124,7.4653
WRI1005682,Wachtberg power station,DEU,Germany,coal,118.0,1959,61,40,-21,0.9204324324324323,5.0,0.4958892386506245,50.8976,6.7931
WRI1006125,Waehlitz power station,DEU,Germany,coal,31.0,1994,26,40,14,0.9204324324324323,5.0,0.4958892386506245,51.1666,12.0762
WRI1075565,Walheim power station,DEU,Germany,coal,267.0,1966,54,40,-14,0.9204324324324323,5.0,0.4958892386506245,49.0177,9.1577
WRI1006130,Wedel power station,DEU,Germany,coal,260.0,1961,59,40,-19,0.9204324324324323,5.0,0.4958892386506245,53.567,9.7244
WRI1006133,Weiher,DEU,Germany,coal,655.6,1976,44,40,-4,0.9204324324324323,5.0,0.4958892386506245,49.3341,7.0314
WRI1006134,Weisweiler power station,DEU,Germany,coal,1800.0,1968,52,40,-12,0.9204324324324323,5.0,0.4958892386506245,50.8392,6.3211
WRI1006141,Westfalen,DEU,Germany,coal,1049.0,2014,6,40,34,0.9204324324324323,5.0,0.4958892386506245,51.6805,7.9696
WRI1006143,Wilhelmshaven power station,DEU,Germany,coal,757.0,1976,44,40,-4,0.9204324324324323,5.0,0.4958892386506245,53.5658,8.1462
WRI1005781,Wuppertal-Elberfeld power station,DEU,Germany,coal,85.0,1989,31,40,9,0.9204324324324323,5.0,0.4958892386506245,51.2484,7.1187
WRI1061091,Agios Dimitrios power station,GRC,Greece,coal,1595.0,1988,32,40,8,0.9204324324324323,5.0,0.6287176902930328,40.3941,21.9256
WRI1061095,Amyntaio power station,GRC,Greece,coal,600.0,1987,33,40,7,0.9204324324324323,5.0,0.6287176902930328,40.6192,21.6832
WRI1061096,Florina power station,GRC,Greece,coal,330.0,2003,17,40,23,0.9204324324324323,5.0,0.6287176902930328,40.8122,21.6027
WRI1061092,Kardia power station,GRC,Greece,coal,1250.0,1978,42,40,-2,0.9204324324324323,5.0,0.6287176902930328,40.4102,21.7856
WRI1061093,Megalopoli power station,GRC,Greece,coal,600.0,1979,41,40,-1,0.9204324324324323,5.0,0.6287176902930328,37.4174,22.1079
WRI1061094,Ptolemais,GRC,Greece,coal,620.0,1987,33,40,7,0.9204324324324323,5.0,0.6287176902930328,40.4809,21.7274
WRI1075836,Bakony power station,HUN,Hungary,coal,60.0,1957,63,40,-23,0.9204324324324323,5.0,0.85,47.0956,17.5584
WRI1020248,Matra power station,HUN,Hungary,coal,884.0,1983,37,40,3,0.9204324324324323,5.0,0.85,47.7886,20.066
WRI1020252,Oroszlány power station,HUN,Hungary,coal,250.0,1962,58,40,-18,0.9204324324324323,5.0,0.85,47.5017,18.2701
WRI1002834,Moneypoint power station,IRL,Ireland,coal,915.0,1986,34,40,6,0.9204324324324323,5.0,0.85,52.6074,-9.4237
WRI1002885,Andrea Palladio power station (FUSINA),ITA,Italy,coal,976.0,1971,49,40,-9,0.9204324324324323,5.0,0.20592298802003214,45.4314,12.2468
WRI1002854,Brindisi Nord power station,ITA,Italy,coal,640.0,1974,46,40,-6,0.9204324324324323,5.0,0.20592298802003214,40.6432,17.9802
WRI1002855,Brindisi Sud power station,ITA,Italy,coal,2640.0,1992,28,40,12,0.9204324324324323,5.0,0.20592298802003214,40.5632,18.0318
WRI1002884,Fiume Santo power station,ITA,Italy,coal,640.0,1992,28,40,12,0.9204324324324323,5.0,0.20592298802003214,40.8461,8.3068
WRI1002900,La Spezia power station,ITA,Italy,coal,1300.0,1967,53,40,-13,0.9204324324324323,5.0,0.20592298802003214,44.1118,9.8743
WRI1002911,Monfalcone power station,ITA,Italy,coal,336.0,1968,52,40,-12,0.9204324324324323,5.0,0.20592298802003214,45.7979,13.5455
WRI1002853,Pietro Vannucci power station,ITA,Italy,coal,150.0,1990,30,40,10,0.9204324324324323,5.0,0.20592298802003214,42.8971,12.5381
WRI1002959,Sulcis power station,ITA,Italy,coal,350.0,1997,23,40,17,0.9204324324324323,5.0,0.20592298802003214,39.1961,8.4002
WRI1002969,Torrevaldaliga Nord power station,ITA,Italy,coal,1980.0,2009,11,40,29,0.9204324324324323,5.0,0.20592298802003214,42.1269,11.7583
WRI1019289,Eemshaven,NLD,Netherlands,coal,1600.0,2015,5,40,35,0.9204324324324323,5.0,0.85,53.4355,6.8793
WRI1019307,GELDERLAND,NLD,Netherlands,coal,590.0,2005,15,40,25,0.9204324324324323,5.0,0.85,51.8561,5.8294
WRI1019298,Hemweg power station,NLD,Netherlands,coal,685.0,1995,25,40,15,0.9204324324324323,5.0,0.85,52.4049,4.8465
WRI1019295,Maasvlakte (MV1 and MV2),NLD,Netherlands,coal,1040.0,1988,32,40,8,0.9204324324324323,5.0,0.85,51.9626,4.0217
WRI1019296,Maasvlakte 3,NLD,Netherlands,coal,1100.0,2016,4,40,36,0.9204324324324323,5.0,0.85,51.9587,4.0272
WRI1023817,Bełchatów,POL,Poland,coal,5472.0,1967,53,40,-13,0.9204324324324323,5.0,0.4224529614288805,51.2679,19.3265
WRI1019052,CEZ Skawina,POL,Poland,coal,330.0,1967,53,40,-13,0.9204324324324323,5.0,0.4224529614288805,49.9767,19.8047
WRI1019037,Dolna Odra,POL,Poland,coal,1362.0,1967,53,40,-13,0.9204324324324323,5.0,0.4224529614288805,53.2067,14.4651
WRI1061511,EC Andrychów,POL,Poland,coal,12.0,1950,70,40,-30,0.9204324324324323,5.0,0.4224529614288805,49.8524,19.3369
WRI1019086,EC Azoty Tarnów,POL,Poland,coal,97.0,1967,53,40,-13,0.9204324324324323,5.0,0.4224529614288805,50.0277,20.9082
WRI1019071,EC Białystok,POL,Poland,coal,198.0,1991,29,40,11,0.9204324324324323,5.0,0.4224529614288805,53.1486,23.1689
WRI1061493,EC Bydgoszcz I,POL,Poland,coal,14.0,1929,91,40,-51,0.9204324324324323,5.0,0.4224529614288805,53.1355,17.9836
WRI1019068,EC Bydgoszcz II,POL,Poland,coal,227.0,1967,53,40,-13,0.9204324324324323,5.0,0.4224529614288805,53.0995,18.0879
WRI1061513,EC Będzin,POL,Poland,coal,82.0,1967,53,40,-13,0.9204324324324323,5.0,0.4224529614288805,50.3019,19.1384
WRI1019059,EC Chorzów Elcho,POL,Poland,coal,226.0,1967,53,40,-13,0.9204324324324323,5.0,0.4224529614288805,50.3079,18.9695
WRI1019090,EC Czechnica,POL,Poland,coal,110.0,1981,39,40,1,0.9204324324324323,5.0,0.4224529614288805,51.0381,17.1498
WRI1061509,EC Elbląg,POL,Poland,coal,42.0,1928,92,40,-52,0.9204324324324323,5.0,0.4224529614288805,54.1805,19.3855
WRI1061519,EC Fortum,POL,Poland,coal,68.0,2010,10,40,30,0.9204324324324323,5.0,0.4224529614288805,50.8273,19.1247
WRI1061502,EC GIGA,POL,Poland,coal,6.0,1950,70,40,-30,0.9204324324324323,5.0,0.4224529614288805,51.2258,22.7079
WRI1019060,EC Gdańsk,POL,Poland,coal,217.0,1970,50,40,-10,0.9204324324324323,5.0,0.4224529614288805,54.3784,18.6404
WRI1061518,EC Gorlice,POL,Poland,coal,5.0,1967,53,40,-13,0.9204324324324323,5.0,0.4224529614288805,49.6769,21.1821
WRI1061507,EC Grudziądz,POL,Poland,coal,18.0,1967,53,40,-13,0.9204324324324323,5.0,0.4224529614288805,53.4792,18.7719
WRI1019082,EC International Paper Kwidzyn,POL,Poland,coal,112.0,1967,53,40,-13,0.9204324324324323,5.0,0.4224529614288805,53.7002,18.921
WRI1061505,EC Janikosoda,POL,Poland,coal,56.0,1967,53,40,-13,0.9204324324324323,5.0,0.4224529614288805,52.7664,18.1098
WRI1061510,EC Kalisz-Piwonice,POL,Poland,coal,8.0,1932,88,40,-48,0.9204324324324323,5.0,0.4224529614288805,51.7297,18.1062
WRI1019075,EC Katowice,POL,Poland,coal,135.0,1967,53,40,-13,0.9204324324324323,5.0,0.4224529614288805,50.2855,19.0532
WRI1061520,EC Knurów,POL,Poland,coal,8.0,1967,53,40,-13,0.9204324324324323,5.0,0.4224529614288805,50.2153,18.6785
WRI1019051,EC Kraków 1,POL,Poland,coal,446.0,1986,34,40,6,0.9204324324324323,5.0,0.4224529614288805,50.0535,20.0061
WRI1061521,EC Marcel,POL,Poland,coal,37.0,1908,112,40,-72,0.9204324324324323,5.0,0.4224529614288805,50.0433,18.4842
WRI1061522,EC Miechowice,POL,Poland,coal,125.0,1954,66,40,-26,0.9204324324324323,5.0,0.4224529614288805,50.3488,18.8419
WRI1061503,EC Mielec,POL,Poland,coal,33.0,1962,58,40,-18,0.9204324324324323,5.0,0.4224529614288805,50.3046,21.4644
WRI1019089,EC Mondi Świecie,POL,Poland,coal,123.0,1967,53,40,-13,0.9204324324324323,5.0,0.4224529614288805,53.3938,18.3751
WRI1061524,EC Moszczenica,POL,Poland,coal,38.0,1966,54,40,-14,0.9204324324324323,5.0,0.4224529614288805,49.9415,18.5702
WRI1019079,EC Nowa,POL,Poland,coal,150.0,2001,19,40,21,0.9204324324324323,5.0,0.4224529614288805,50.3478,19.2771
WRI1061530,EC Opolszczyzna - ECO,POL,Poland,coal,10.0,1967,53,40,-13,0.9204324324324323,5.0,0.4224529614288805,50.6872,17.9201
WRI1061512,EC Oświęcim,POL,Poland,coal,79.0,1967,53,40,-13,0.9204324324324323,5.0,0.4224529614288805,50.0395,19.2735
WRI1061500,EC Pruszków,POL,Poland,coal,9.0,1957,63,40,-23,0.9204324324324323,5.0,0.4224529614288805,52.1707,20.8006
WRI1019046,EC Siekierki,POL,Poland,coal,620.0,1961,59,40,-19,0.9204324324324323,5.0,0.4224529614288805,52.1901,21.0873
WRI1061506,EC Soda Mątwy,POL,Poland,coal,36.0,1967,53,40,-13,0.9204324324324323,5.0,0.4224529614288805,52.7671,18.2409
WRI1061504,EC Starachowice,POL,Poland,coal,36.0,1967,53,40,-13,0.9204324324324323,5.0,0.4224529614288805,51.0299,21.0799
WRI1061523,EC Szombierki,POL,Poland,coal,9.0,1920,100,40,-60,0.9204324324324323,5.0,0.4224529614288805,50.3454,18.8864
WRI1019092,EC Tychy,POL,Poland,coal,105.0,1967,53,40,-13,0.9204324324324323,5.0,0.4224529614288805,50.1059,19.0164
WRI1061494,EC WSK Rzeszów,POL,Poland,coal,12.0,1967,53,40,-13,0.9204324324324323,5.0,0.4224529614288805,50.0146,21.9813
WRI1019055,EC Wrocław,POL,Poland,coal,263.0,1967,53,40,-13,0.9204324324324323,5.0,0.4224529614288805,51.1234,17.0241
WRI1061528,EC Zabrze,POL,Poland,coal,106.0,1967,53,40,-13,0.9204324324324323,5.0,0.4224529614288805,50.2956,18.8099
WRI1019088,EC Zakłady Chemiczne Police,POL,Poland,coal,100.0,1967,53,40,-13,0.9204324324324323,5.0,0.4224529614288805,53.5743,14.5334
WRI1061501,EC Zduńska Wola,POL,Poland,coal,12.0,1992,28,40,12,0.9204324324324323,5.0,0.4224529614288805,51.5999,18.9675
WRI1061496,EC Zgierz,POL,Poland,coal,39.0,1948,72,40,-32,0.9204324324324323,5.0,0.4224529614288805,51.8413,19.3939
WRI1061525,EC Zofiówka,POL,Poland,coal,64.0,1973,47,40,-7,0.9204324324324323,5.0,0.4224529614288805,49.9642,18.6266
WRI1019061,EC Łódź-3,POL,Poland,coal,205.0,1967,53,40,-13,0.9204324324324323,5.0,0.4224529614288805,51.7985,19.4216
WRI1019064,EC Łódź-4,POL,Poland,coal,198.0,1967,53,40,-13,0.9204324324324323,5.0,0.4224529614288805,51.7462,19.5403
WRI1019053,EC Żerań,POL,Poland,coal,386.0,1967,53,40,-13,0.9204324324324323,5.0,0.4224529614288805,52.2945,20.9942
WRI1019085,Gdynia,POL,Poland,coal,105.0,1974,46,40,-6,0.9204324324324323,5.0,0.4224529614288805,54.5535,18.4803
WRI1019066,Jaworzno II,POL,Poland,coal,189.0,1967,53,40,-13,0.9204324324324323,5.0,0.4224529614288805,50.2132,19.2273
WRI1019038,Jaworzno III,POL,Poland,coal,1345.0,1967,53,40,-13,0.9204324324324323,5.0,0.4224529614288805,50.2064,19.2046
WRI1019078,Konin,POL,Poland,coal,233.0,1967,53,40,-13,0.9204324324324323,5.0,0.4224529614288805,52.2837,18.2695
WRI1075563,Kozienice,POL,Poland,coal,1075.0,2017,3,40,37,0.9204324324324323,5.0,0.4224529614288805,51.5829,21.5478
WRI1019032,Kozienice,POL,Poland,coal,2673.0,1967,53,40,-13,0.9204324324324323,5.0,0.4224529614288805,51.6658,21.4647
WRI1019040,Kozienice II,POL,Poland,coal,1075.0,2017,3,40,37,0.9204324324324323,5.0,0.4224529614288805,51.6668,21.4614
WRI1019035,Opole,POL,Poland,coal,1492.0,1967,53,40,-13,0.9204324324324323,5.0,0.4224529614288805,50.7514,17.8845
WRI1061531,Ostrołęka A,POL,Poland,coal,75.0,1967,53,40,-13,0.9204324324324323,5.0,0.4224529614288805,53.1019,21.6053
WRI1019045,Ostrołęka B,POL,Poland,coal,681.0,1972,48,40,-8,0.9204324324324323,5.0,0.4224529614288805,53.1039,21.6118
WRI1019076,Pomorzany,POL,Poland,coal,134.0,1961,59,40,-19,0.9204324324324323,5.0,0.4224529614288805,53.3907,14.5253
WRI1019084,Poznań Karolin EC-II,POL,Poland,coal,276.0,1985,35,40,5,0.9204324324324323,5.0,0.4224529614288805,52.4361,16.9873
WRI1019034,Połaniec,POL,Poland,coal,1623.0,1967,53,40,-13,0.9204324324324323,5.0,0.4224529614288805,50.4365,21.3377
WRI1019081,Puławy,POL,Poland,coal,112.0,1967,53,40,-13,0.9204324324324323,5.0,0.4224529614288805,51.4574,21.9744
WRI1019039,Pątnów I,POL,Poland,coal,1244.0,1967,53,40,-13,0.9204324324324323,5.0,0.4224529614288805,52.3013,18.2344
WRI1019050,Pątnów II,POL,Poland,coal,464.0,2008,12,40,28,0.9204324324324323,5.0,0.4224529614288805,52.3014,18.2369
WRI1019033,Rybnik,POL,Poland,coal,1775.0,1967,53,40,-13,0.9204324324324323,5.0,0.4224529614288805,50.1331,18.5232
WRI1019044,Siersza,POL,Poland,coal,546.0,1967,53,40,-13,0.9204324324324323,5.0,0.4224529614288805,50.2083,19.4617
WRI1019056,Stalowa Wola,POL,Poland,coal,350.0,1967,53,40,-13,0.9204324324324323,5.0,0.4224529614288805,50.5538,22.0787
WRI1061492,Szczecin,POL,Poland,coal,88.0,1967,53,40,-13,0.9204324324324323,5.0,0.4224529614288805,53.4116,14.5858
WRI1019036,Turów,POL,Poland,coal,1498.0,1967,53,40,-13,0.9204324324324323,5.0,0.4224529614288805,50.9482,14.9128
WRI1061517,ZPC Żory,POL,Poland,coal,5.0,1967,53,40,-13,0.9204324324324323,5.0,0.4224529614288805,50.0411,18.6298
WRI1019042,Łagisza,POL,Poland,coal,700.0,1967,53,40,-13,0.9204324324324323,5.0,0.4224529614288805,50.3499,19.1412
WRI1019041,Łaziska,POL,Poland,coal,1155.0,1967,53,40,-13,0.9204324324324323,5.0,0.4224529614288805,50.1331,18.8465
WRI1023234,Pego power station,PRT,Portugal,coal,682.0,1994,26,40,14,0.9204324324324323,5.0,0.85,39.468,-8.1097
WRI1023227,Sines power station,PRT,Portugal,coal,1296.0,1986,34,40,6,0.9204324324324323,5.0,0.85,37.9322,-8.8038
WRI1075556,Iasi-2 power station,ROU,Romania,coal,60.0,1986,34,40,6,0.9204324324324323,5.0,0.3158878475277436,47.1473,27.7172
WRI1019099,Isalnita power station,ROU,Romania,coal,630.0,1988,32,40,8,0.9204324324324323,5.0,0.3158878475277436,44.3886,23.718
WRI1019096,Mintia-Deva power station,ROU,Romania,coal,1075.0,1976,44,40,-4,0.9204324324324323,5.0,0.3158878475277436,45.9134,22.8254
WRI1019123,Paroseni power station,ROU,Romania,coal,150.0,1964,56,40,-16,0.9204324324324323,5.0,0.3158878475277436,45.3647,23.261
WRI1019094,Rovinari power station,ROU,Romania,coal,1320.0,1977,43,40,-3,0.9204324324324323,5.0,0.3158878475277436,44.9068,23.1383
WRI1019108,TPP Craiova,ROU,Romania,coal,262.0,1988,32,40,8,0.9204324324324323,5.0,0.3158878475277436,44.345,23.8156
WRI1019105,TPP Drobeta,ROU,Romania,coal,313.0,1983,37,40,3,0.9204324324324323,5.0,0.3158878475277436,44.6751,22.6878
WRI1019118,TPP Govora,ROU,Romania,coal,177.0,1983,37,40,3,0.9204324324324323,5.0,0.3158878475277436,45.04,24.29
WRI1019119,TPP Oradea,ROU,Romania,coal,170.0,1983,37,40,3,0.9204324324324323,5.0,0.3158878475277436,47.0842,21.8928
WRI1023225,Turceni power station,ROU,Romania,coal,1650.0,1983,37,40,3,0.9204324324324323,5.0,0.3158878475277436,44.6694,23.408
GEODB0042634,Novaky (ENO) Thermal CHP Power Plant Slovakia,SVK,Slovakia,coal,518.0,1980,40,40,0,0.9204324324324323,5.0,0.4374318171425585,48.6988,18.5335
GEODB0042632,Vojany (EVO) Thermal Power Plant Slovakia,SVK,Slovakia,coal,880.0,1980,40,40,0,0.9204324324324323,5.0,0.4374318171425585,48.5536,21.9782
WRI1022415,Energetika Ljubljana,SVN,Slovenia,coal,112.0,1980,40,40,0,0.9204324324324323,5.0,0.3722739276665319,46.058,14.5451
WRI1022413,Sostanj (TEŠ),SVN,Slovenia,coal,1099.0,1980,40,40,0,0.9204324324324323,5.0,0.3722739276665319,46.3723,15.0534
WRI1022410,TET,SVN,Slovenia,coal,110.0,1980,40,40,0,0.9204324324324323,5.0,0.3722739276665319,46.1258,15.0611
WRI1006157,ABONO 2,ESP,Spain,coal,877.6600000000001,1985,35,40,5,0.9204324324324323,5.0,0.85,43.5528,-5.7231
WRI1006172,ALCUDIA 1  GRUPO N 1,ESP,Spain,coal,533.8,1981,39,40,1,0.9204324324324323,5.0,0.85,39.8106,3.0913
WRI1006197,ANLLARES GR 1,ESP,Spain,coal,346.84,1982,38,40,2,0.9204324324324323,5.0,0.85,42.8385,-6.5332
WRI1006393,COMPOSTILLA II GR 5,ESP,Spain,coal,1005.14,1984,36,40,4,0.9204324324324323,5.0,0.85,42.6125,-6.5647
WRI1006407,CT GUARDO 2,ESP,Spain,coal,485.85,1984,36,40,4,0.9204324324324323,5.0,0.85,42.8261,-4.8463
WRI1006408,CT LADA 4,ESP,Spain,coal,347.7,1981,39,40,1,0.9204324324324323,5.0,0.85,43.3082,-5.7001
WRI1006466,ESCATRON GR 5,ESP,Spain,coal,65.0,1990,30,40,10,0.9204324324324323,5.0,0.85,41.2961,-0.3376
WRI1006593,LA ROBLA GRUPO 2,ESP,Spain,coal,619.06,1984,36,40,4,0.9204324324324323,5.0,0.85,42.7924,-5.634
WRI1006625,LITORAL DE ALMERIA GR 2,ESP,Spain,coal,1119.59,1997,23,40,17,0.9204324324324323,5.0,0.85,36.9783,-1.9054
WRI1006636,LOS BARRIOS,ESP,Spain,coal,570.05,1985,35,40,5,0.9204324324324323,5.0,0.85,36.1828,-5.42
WRI1006671,MEIRAMA GRUPO 1,ESP,Spain,coal,557.2,1980,40,40,0,0.9204324324324323,5.0,0.85,43.1685,-8.4111
WRI1006702,NARCEA GRUPO 3,ESP,Spain,coal,553.6400000000001,1984,36,40,4,0.9204324324324323,5.0,0.85,43.2924,-6.3937
WRI1007820,PUENTE NUEVO GR 3,ESP,Spain,coal,299.76,1980,40,40,0,0.9204324324324323,5.0,0.85,38.1108,-4.9354
WRI1007944,SOTO RIBERA 3,ESP,Spain,coal,346.25,1984,36,40,4,0.9204324324324323,5.0,0.85,43.3122,-5.8739
WRI1023654,TERUEL GR 3,ESP,Spain,coal,1055.77,1980,40,40,0,0.9204324324324323,5.0,0.85,40.9966,-0.3798
WRI1075797,Vaesteras power station,SWE,Sweden,coal,80.0,1963,57,40,-17,0.9204324324324323,5.0,0.29533961187214613,59.5885,16.5135
WRI1019146,Donaustadt,AUT,Austria,gas,395.0,2001,19,35,16,0.40392,4.0,0.5361256359447107,48.2,16.4633
WRI1019147,Simmering,AUT,Austria,gas,1272.0,2009,11,35,24,0.40392,4.0,0.5361256359447107,48.1815,16.4334
WRI1019163,Timelkam,AUT,Austria,gas,400.0,2008,12,35,23,0.40392,4.0,0.5361256359447107,48.0122,13.5895
WRI1002206,AALTER TJ,BEL,Belgium,oil,18.6,1990,30,35,5,0.7621714285714286,7.0,0.007307190526368609,51.0902,3.4469
WRI1002208,ANGLEUR TG 41,BEL,Belgium,gas,128.0,2003,17,35,18,0.40392,4.0,0.7635161676615505,50.6177,5.5837
WRI1002204,Aalst Syral GT,BEL,Belgium,gas,43.0,2003,17,35,18,0.40392,4.0,0.7635161676615505,50.936,4.0355
WRI1002205,Aalst Syral ST,BEL,Belgium,gas,5.0,2003,17,35,18,0.40392,4.0,0.7635161676615505,50.936,4.0355
WRI1002207,Amercoeur 1 R TGV,BEL,Belgium,gas,451.0,1994,26,35,9,0.40392,4.0,0.7635161676615505,50.4304,4.3955
WRI1002211,BEERSE TJ,BEL,Belgium,oil,33.2,1990,30,35,5,0.7621714285714286,7.0,0.007307190526368609,51.3193,4.853
WRI1002217,BUDA TJ,BEL,Belgium,oil,18.6,1990,30,35,5,0.7621714285714286,7.0,0.007307190526368609,50.9079,4.4155
WRI1002214,Beveren Ineos Phenolchemie,BEL,Belgium,gas,22.8,2003,17,35,18,0.40392,4.0,0.7635161676615505,51.2119,4.2563
WRI1002219,CIERREUX TJ,BEL,Belgium,oil,18.6,1990,30,35,5,0.7621714285714286,7.0,0.007307190526368609,50.2444,5.9302
WRI1002224,DROGENBOS DM 51,BEL,Belgium,gas,5.0,2003,17,35,18,0.40392,4.0,0.7635161676615505,50.8023,4.299
WRI1002225,DROGENBOS GT0,BEL,Belgium,gas,48.0,2003,17,35,18,0.40392,4.0,0.7635161676615505,50.8023,4.299
WRI1002226,DROGENBOS TGV,BEL,Belgium,gas,465.0,2003,17,35,18,0.40392,4.0,0.7635161676615505,50.8023,4.299
WRI1002222,Deux-Acren TJ,BEL,Belgium,oil,18.6,1990,30,35,5,0.7621714285714286,7.0,0.007307190526368609,50.7303,3.8531
WRI1002231,HAM-GENT WKK,BEL,Belgium,gas,52.0,2006,14,35,21,0.40392,4.0,0.7635161676615505,51.05,3.7167
WRI1002234,HERDERSBRUG STEG,BEL,Belgium,gas,465.0,1998,22,35,13,0.40392,4.0,0.7635161676615505,51.2629,3.2112
WRI1002244,INESCO WKK,BEL,Belgium,gas,138.0,2003,17,35,18,0.40392,4.0,0.7635161676615505,51.2198,4.3266
WRI1002255,LANGERLO 4 REPOWERING,BEL,Belgium,gas,86.0,2003,17,35,18,0.40392,4.0,0.7635161676615505,50.934,5.4784
WRI1002258,Marcinelle Energie (Carsid),BEL,Belgium,gas,405.0,2011,9,35,26,0.40392,4.0,0.7635161676615505,50.4138,4.4067
WRI1002259,Noordschote TJ,BEL,Belgium,oil,18.6,1990,30,35,5,0.7621714285714286,7.0,0.007307190526368609,50.9548,2.8103
WRI1002264,RINGVAART STEG,BEL,Belgium,gas,357.0,1998,22,35,13,0.40392,4.0,0.7635161676615505,51.1049,3.7257
WRI1002267,SAINT-GHISLAIN STEG,BEL,Belgium,gas,350.0,2000,20,35,15,0.40392,4.0,0.7635161676615505,50.4719,3.8248
WRI1002271,T-power Beringen,BEL,Belgium,gas,422.0,2011,9,35,26,0.40392,4.0,0.7635161676615505,51.0586,5.1056
WRI1002284,Zedelgem TJ,BEL,Belgium,oil,18.6,1990,30,35,5,0.7621714285714286,7.0,0.007307190526368609,51.1424,3.1368
WRI1002285,Zeebrugge 2 Fluxys,BEL,Belgium,gas,40.0,2003,17,35,18,0.40392,4.0,0.7635161676615505,51.329,3.1819
WRI1002286,Zeebrugge TJ,BEL,Belgium,oil,18.6,1990,30,35,5,0.7621714285714286,7.0,0.007307190526368609,51.329,3.1819
WRI1002288,Zelzate 2 Knippegroen,BEL,Belgium,gas,315.0,2010,10,35,25,0.40392,4.0,0.7635161676615505,51.1587,3.8068
WRI1002289,Zelzate TJ,BEL,Belgium,oil,18.6,1990,30,35,5,0.7621714285714286,7.0,0.007307190526368609,51.1896,3.8078
WRI1002290,Zwijndrecht Lanxess GT,BEL,Belgium,gas,43.0,2003,17,35,18,0.40392,4.0,0.7635161676615505,51.2382,4.3408
WRI1002291,Zwijndrecht Lanxess ST,BEL,Belgium,gas,15.0,2003,17,35,18,0.40392,4.0,0.7635161676615505,51.2382,4.3408
GEODB0044825,Jertovec CCGT Power Plant Croatia,HRV,Croatia,gas,78.0,2002,18,35,17,0.40392,4.0,0.6535570603590495,46.0386,16.1814
GEODB0044826,Osijek TE-TO CHP Power Plant Croatia,HRV,Croatia,gas,89.0,2002,18,35,17,0.40392,4.0,0.6535570603590495,45.542,18.7449
GEODB0044822,Rijeka Thermal Power Plant Croatia,HRV,Croatia,oil,320.0,1990,30,35,5,0.7621714285714286,7.0,0.0026855794150314697,45.2862,14.5207
GEODB0044821,Sisak Thermal Power Plant Croatia,HRV,Croatia,oil,420.0,1990,30,35,5,0.7621714285714286,7.0,0.0026855794150314697,45.4538,16.4144
GEODB0044824,Zagreb El-To CHP Power Plant Croatia,HRV,Croatia,gas,86.8,2002,18,35,17,0.40392,4.0,0.6535570603590495,45.8069,15.9498
GEODB0044823,Zagreb Te-To CHP Power Plant Croatia,HRV,Croatia,gas,328.0,2002,18,35,17,0.40392,4.0,0.6535570603590495,45.7816,16.0169
GEODB0045553,Dhekelia Power Plant Cyprus,CYP,Cyprus,oil,460.0,1990,30,35,5,0.7621714285714286,7.0,0.778929604261796,34.9809,33.7439
GEODB0045554,Moni Power Station Cyprus,CYP,Cyprus,oil,140.0,1990,30,35,5,0.7621714285714286,7.0,0.778929604261796,34.7106,33.1825
GEODB0045552,Vasilikos Power Plant Cyprus,CYP,Cyprus,gas,868.0,2002,18,35,17,0.40392,4.0,0.538430602024283,34.7286,33.29
WRI1019208,Kladno (TG6),CZE,Czech Republic,gas,110.0,1999,21,35,14,0.40392,4.0,0.5852319427148194,50.1535,14.127
WRI1019205,Počerady,CZE,Czech Republic,gas,840.0,2014,6,35,29,0.40392,4.0,0.5852319427148194,50.4267,13.6747
WRI1019223,Vřesová,CZE,Czech Republic,gas,370.0,1995,25,35,10,0.40392,4.0,0.5852319427148194,50.2576,12.6932
WRI1022043,H.C. Ã˜rsted,DNK,Denmark,gas,98.0,1991,29,35,6,0.40392,4.0,0.26957712576669945,55.6761,12.5683
WRI1022030,Kyndbyvaerket,DNK,Denmark,oil,664.0,1990,30,35,5,0.7621714285714286,7.0,0.03736108818836992,55.8134,11.8792
WRI1022034,Skaerbaekvaerket,DNK,Denmark,gas,392.0,1997,23,35,12,0.40392,4.0,0.26957712576669945,55.513,9.6128
WRI1022045,SvanemÃ¸lle,DNK,Denmark,gas,81.0,1985,35,35,0,0.40392,4.0,0.26957712576669945,55.7131,12.588
WRI1022392,Balti Eleketrijaam,EST,Estonia,oil,472.0,1990,30,35,5,0.7621714285714286,7.0,0.0,59.3533,28.1185
WRI1022393,Eesti Elektrijaam,EST,Estonia,oil,1369.0,1990,30,35,5,0.7621714285714286,7.0,0.0,59.2748,27.9046
WRI1022396,IRU Elektrijaam,EST,Estonia,gas,173.0,2002,18,35,17,0.40392,4.0,0.0,59.4514,24.9246
WRI1022394,Kiisa AREJ 2,EST,Estonia,gas,250.0,2002,18,35,17,0.40392,4.0,0.0,59.2439,24.7064
WRI1002631,Forssa kt,FIN,Finland,oil,332.6,1990,30,35,5,0.7621714285714286,7.0,0.024590965837432713,60.7905,23.5866
WRI1002322,Haapavesi,FIN,Finland,gas,2.7,2002,18,35,17,0.40392,4.0,0.24805524921928745,64.1333,25.3667
WRI1002330,Harjavalta,FIN,Finland,oil,6.3,1990,30,35,5,0.7621714285714286,7.0,0.024590965837432713,61.3167,22.1333
WRI1002343,Huutokoski kt,FIN,Finland,oil,180.0,1990,30,35,5,0.7621714285714286,7.0,0.024590965837432713,62.9,29.4
WRI1002348,Ikaalinen,FIN,Finland,gas,6.0,2002,18,35,17,0.40392,4.0,0.24805524921928745,61.7695,23.0658
WRI1002357,Joensuu,FIN,Finland,gas,68.0,2002,18,35,17,0.40392,4.0,0.24805524921928745,64.6667,27.1333
WRI1002386,Kellosaari,FIN,Finland,oil,118.0,1990,30,35,5,0.7621714285714286,7.0,0.024590965837432713,60.1695,24.9354
WRI1002391,Kerava,FIN,Finland,gas,3.7,2002,18,35,17,0.40392,4.0,0.24805524921928745,60.4034,25.105
WRI1002397,Kirkniemi,FIN,Finland,gas,128.0,2002,18,35,17,0.40392,4.0,0.24805524921928745,60.1843,23.946
WRI1002408,Koneharju kt,FIN,Finland,gas,4.6,2002,18,35,17,0.40392,4.0,0.24805524921928745,60.9827,25.6615
WRI1002410,Koskensaari,FIN,Finland,oil,1.2,1990,30,35,5,0.7621714285714286,7.0,0.024590965837432713,61.7667,28.7667
WRI1002433,Lappeenranta kombi,FIN,Finland,gas,26.3,2002,18,35,17,0.40392,4.0,0.24805524921928745,61.0587,28.1887
WRI1002442,Lielahti,FIN,Finland,gas,142.0,2002,18,35,17,0.40392,4.0,0.24805524921928745,61.4991,23.7871
WRI1002450,Martinlaakso,FIN,Finland,gas,171.7,2002,18,35,17,0.40392,4.0,0.24805524921928745,60.2833,24.8364
WRI1002461,Myllykoski vp,FIN,Finland,gas,32.8,2002,18,35,17,0.40392,4.0,0.24805524921928745,65.9667,29.1833
WRI1002466,Naantali  G1  2 ja 3,FIN,Finland,gas,290.0,2002,18,35,17,0.40392,4.0,0.24805524921928745,60.459,22.0545
WRI1002467,Naistenlahti 2,FIN,Finland,gas,191.2,2002,18,35,17,0.40392,4.0,0.24805524921928745,61.4991,23.7871
WRI1002470,Nokia kombi,FIN,Finland,gas,72.0,2002,18,35,17,0.40392,4.0,0.24805524921928745,61.4667,23.5
WRI1002500,Porvoo,FIN,Finland,oil,76.0,1990,30,35,5,0.7621714285714286,7.0,0.024590965837432713,60.3067,25.5506
WRI1002503,Porvoo Tolkkinen,FIN,Finland,oil,40.0,1990,30,35,5,0.7621714285714286,7.0,0.024590965837432713,60.3923,25.6651
WRI1002502,Porvoo kt 2,FIN,Finland,gas,120.6,2002,18,35,17,0.40392,4.0,0.24805524921928745,60.3067,25.5506
WRI1002540,Sopenkorpi,FIN,Finland,oil,14.5,1990,30,35,5,0.7621714285714286,7.0,0.024590965837432713,60.9827,25.6615
WRI1002554,Tako T2 ja T5,FIN,Finland,gas,16.5,2002,18,35,17,0.40392,4.0,0.24805524921928745,61.4991,23.7871
WRI1002569,Uusikaupunki,FIN,Finland,oil,14.2,1990,30,35,5,0.7621714285714286,7.0,0.024590965837432713,60.8004,21.4084
WRI1002574,Vanaja kt 1,FIN,Finland,oil,50.0,1990,30,35,5,0.7621714285714286,7.0,0.024590965837432713,60.996,24.4643
WRI1002580,Vaskiluoto kt,FIN,Finland,oil,26.0,1990,30,35,5,0.7621714285714286,7.0,0.024590965837432713,63.0453,21.7863
WRI1002593,Vuosaari A,FIN,Finland,gas,163.0,2002,18,35,17,0.40392,4.0,0.24805524921928745,60.2199,25.1692
WRI1002594,Vuosaari B,FIN,Finland,gas,485.0,2002,18,35,17,0.40392,4.0,0.24805524921928745,60.2199,25.1692
WRI1002687,ARRIGHI,FRA,France,oil,254.0,1990,30,35,5,0.7621714285714286,7.0,0.10843278992520074,48.7872,2.4033
WRI1002695,BLENOD 5,FRA,France,gas,427.0,2002,18,35,17,0.40392,4.0,0.85,48.8681,6.0849
WRI1002697,BOUCHAIN 7,FRA,France,gas,575.0,2002,18,35,17,0.40392,4.0,0.85,50.2987,3.3156
WRI1002699,BRENNILIS,FRA,France,oil,304.0,1990,30,35,5,0.7621714285714286,7.0,0.10843278992520074,48.3567,-3.8706
WRI1002711,COMBIGOLFE,FRA,France,gas,425.0,2002,18,35,17,0.40392,4.0,0.85,43.4072,4.8676
WRI1002712,CORDEMAIS,FRA,France,oil,1370.0,1990,30,35,5,0.7621714285714286,7.0,0.10843278992520074,47.2754,-1.8767
WRI1002715,Croix-de-Metz,FRA,France,gas,413.0,2002,18,35,17,0.40392,4.0,0.85,48.675,5.8917
WRI1002721,DIRINON,FRA,France,oil,170.0,1990,30,35,5,0.7621714285714286,7.0,0.10843278992520074,48.39,-4.26
WRI1002722,DK6,FRA,France,gas,796.0,2002,18,35,17,0.40392,4.0,0.85,51.0482,2.3255
WRI1002724,EMILE HUCHET,FRA,France,gas,826.0,2002,18,35,17,0.40392,4.0,0.85,49.1526,6.7018
WRI1002731,GENNEVILLIERS 1,FRA,France,gas,203.0,2002,18,35,17,0.40392,4.0,0.85,48.9333,2.3
WRI1002743,MARTIGUES PONTEAU,FRA,France,gas,930.0,2002,18,35,17,0.40392,4.0,0.85,43.3585,5.0216
WRI1002757,PORCHEVILLE,FRA,France,oil,2290.0,1990,30,35,5,0.7621714285714286,7.0,0.10843278992520074,48.9692,1.7588
WRI1002756,Pont-sur-Sambre,FRA,France,gas,412.0,2002,18,35,17,0.40392,4.0,0.85,50.2308,3.8653
WRI1005572,ADS-Anlage,DEU,Germany,gas,96.5,2012,8,35,27,0.40392,4.0,0.39554218259709556,50.0918,8.5311
WRI1005574,Ahrensfelde,DEU,Germany,gas,150.0,1990,30,35,5,0.40392,4.0,0.39554218259709556,52.5895,13.5587
WRI1005578,Audorf,DEU,Germany,oil,87.0,1973,47,35,-12,0.7621714285714286,7.0,0.1562851530269719,54.2907,9.7228
WRI1005586,BHKW,DEU,Germany,gas,13.0,2013,7,35,28,0.40392,4.0,0.39554218259709556,49.0475,8.2816
WRI1005588,BHKW H.120,DEU,Germany,gas,16.9,2012,8,35,27,0.40392,4.0,0.39554218259709556,51.2545,6.7865
WRI1005589,BHKW Ludwigshafen,DEU,Germany,gas,12.5,2008,12,35,23,0.40392,4.0,0.39554218259709556,49.4531,8.4336
WRI1005590,BHKW Obere Viehweide,DEU,Germany,gas,13.4,2000,20,35,15,0.40392,4.0,0.39554218259709556,48.5109,9.0715
WRI1005587,BHKW an Klinkerweg,DEU,Germany,gas,10.2,2000,20,35,15,0.40392,4.0,0.39554218259709556,51.2169,6.9473
WRI1005591,BHKW-Hauffstraße,DEU,Germany,gas,9.8,2011,9,35,26,0.40392,4.0,0.39554218259709556,48.4939,9.1856
WRI1005617,BP Werk Lingen,DEU,Germany,gas,66.0,1996,24,35,11,0.40392,4.0,0.39554218259709556,52.5606,7.2952
WRI1006098,Biomass Generator #20,DEU,Germany,gas,10.7,2006,14,35,21,0.40392,4.0,0.39554218259709556,49.8587,7.8857
WRI1005615,Bochum,DEU,Germany,gas,20.7,2004,16,35,19,0.40392,4.0,0.39554218259709556,51.4833,7.2167
WRI1005622,Brunsbüttel,DEU,Germany,oil,254.0,1973,47,35,-12,0.7621714285714286,7.0,0.1562851530269719,53.8925,9.2011
WRI1005624,Charlottenburg,DEU,Germany,gas,633.0,1975,45,35,-10,0.40392,4.0,0.39554218259709556,52.5219,13.3111
WRI1005625,Co-Generation,DEU,Germany,gas,11.5,1991,29,35,6,0.40392,4.0,0.39554218259709556,49.6633,8.3589
WRI1005634,DKW Leinau,DEU,Germany,oil,11.4,1982,38,35,-3,0.7621714285714286,7.0,0.1562851530269719,47.9125,10.6117
WRI1005635,DKW Nord,DEU,Germany,oil,11.4,1988,32,35,3,0.7621714285714286,7.0,0.1562851530269719,48.0627,10.4866
WRI1005626,Dampfkraftwerk BGH - O1,DEU,Germany,gas,178.0,2001,19,35,16,0.40392,4.0,0.39554218259709556,48.1835,12.8531
WRI1005636,Dormagen,DEU,Germany,gas,586.3,2000,20,35,15,0.40392,4.0,0.39554218259709556,51.0791,6.8287
WRI1005638,Dortmund,DEU,Germany,gas,26.0,2004,16,35,19,0.40392,4.0,0.39554218259709556,51.5197,7.477
WRI1005639,Dow Stade,DEU,Germany,gas,173.0,2014,6,35,29,0.40392,4.0,0.39554218259709556,53.6519,9.5079
WRI1005641,Duisburg Hamborn,DEU,Germany,gas,385.0,1958,62,35,-27,0.40392,4.0,0.39554218259709556,51.491,6.7275
WRI1005642,Duisburg Ruhrort,DEU,Germany,gas,315.0,1996,24,35,11,0.40392,4.0,0.39554218259709556,51.4597,6.7306
WRI1005647,EEV,DEU,Germany,oil,38.0,1993,27,35,8,0.7621714285714286,7.0,0.1562851530269719,53.4852,9.9696
WRI1005671,EVC / GLOBALFOUNDRIES,DEU,Germany,gas,34.3,1998,22,35,13,0.40392,4.0,0.39554218259709556,51.127,13.715
WRI1005652,Egger Kraftwerk Briilon 2,DEU,Germany,gas,13.5,1996,24,35,11,0.40392,4.0,0.39554218259709556,51.4085,8.5999
WRI1005657,Emden Natural Gas,DEU,Germany,gas,50.0,1973,47,35,-12,0.40392,4.0,0.39554218259709556,53.3422,7.2062
WRI1005658,Emsland,DEU,Germany,gas,1837.0,1996,24,35,11,0.40392,4.0,0.39554218259709556,52.4819,7.3067
WRI1005661,Energiezentrale,DEU,Germany,gas,11.1,1991,29,35,6,0.40392,4.0,0.39554218259709556,51.5744,7.2979
WRI1005662,Energiezentrale 1992,DEU,Germany,gas,11.06,1992,28,35,7,0.40392,4.0,0.39554218259709556,48.3591,11.7903
WRI1005663,Energiezentrum Mohn Media,DEU,Germany,gas,22.0,1994,26,35,9,0.40392,4.0,0.39554218259709556,51.9073,8.4088
WRI1005668,Erweiterung Energiezentrale 2003,DEU,Germany,gas,7.44,2003,17,35,18,0.40392,4.0,0.39554218259709556,48.3591,11.7903
WRI1005684,FS-Karton,DEU,Germany,gas,18.9,1992,28,35,7,0.40392,4.0,0.39554218259709556,51.2171,6.6965
WRI1005681,Franken 1,DEU,Germany,gas,823.0,1996,24,35,11,0.40392,4.0,0.39554218259709556,49.4208,11.0077
WRI1005695,GHD,DEU,Germany,gas,13.4,1998,22,35,13,0.40392,4.0,0.39554218259709556,48.6403,12.4634
WRI1005698,GKL,DEU,Germany,gas,230.0,1996,24,35,11,0.40392,4.0,0.39554218259709556,52.3729,9.7142
WRI1005709,GTKW Darmstadt,DEU,Germany,gas,94.6,2013,7,35,28,0.40392,4.0,0.39554218259709556,49.8849,8.6501
WRI1005720,GUD-Anlage DREWSEN,DEU,Germany,gas,13.0,2000,20,35,15,0.40392,4.0,0.39554218259709556,52.6235,10.2457
WRI1005691,Gemeinschaftskraftwerk Irsching,DEU,Germany,gas,1391.0,1996,24,35,11,0.40392,4.0,0.39554218259709556,48.767,11.58
WRI1005694,Gersteinwerk,DEU,Germany,gas,2004.5,1996,24,35,11,0.40392,4.0,0.39554218259709556,51.6725,7.7099
WRI1005710,GuD,DEU,Germany,gas,100.0,2000,20,35,15,0.40392,4.0,0.39554218259709556,51.2214,6.7313
WRI1005711,GuD Anlage WVK,DEU,Germany,gas,60.1,1998,22,35,13,0.40392,4.0,0.39554218259709556,48.0202,7.8452
WRI1005712,GuD Baunatal  VW Werksgelände,DEU,Germany,gas,78.0,2013,7,35,28,0.40392,4.0,0.39554218259709556,51.2531,9.4379
WRI1005713,GuD Bitterfeld,DEU,Germany,gas,106.0,2000,20,35,15,0.40392,4.0,0.39554218259709556,51.6257,12.327
WRI1005714,GuD Kraftwerk Hillegossen,DEU,Germany,gas,37.5,2005,15,35,20,0.40392,4.0,0.39554218259709556,52.0333,8.5333
WRI1005715,GuD Leuna,DEU,Germany,gas,52.0,1998,22,35,13,0.40392,4.0,0.39554218259709556,51.2998,12.0193
WRI1005716,GuD Marienehe,DEU,Germany,gas,108.0,1996,24,35,11,0.40392,4.0,0.39554218259709556,54.1255,12.0819
WRI1005717,GuD Schwarzheide,DEU,Germany,gas,122.0,1994,26,35,9,0.40392,4.0,0.39554218259709556,51.4762,13.8891
WRI1005718,GuD Tiefstack,DEU,Germany,gas,127.0,2009,11,35,24,0.40392,4.0,0.39554218259709556,53.5267,10.0658
WRI1005719,GuD-Anlage,DEU,Germany,gas,47.0,2013,7,35,28,0.40392,4.0,0.39554218259709556,49.9882,9.1558
WRI1005721,GuD-Anlage Rüsselsheim,DEU,Germany,gas,112.1,1999,21,35,14,0.40392,4.0,0.39554218259709556,49.992,8.4141
WRI1005722,GuD-HKW Neubrandenburg,DEU,Germany,gas,75.0,1997,23,35,12,0.40392,4.0,0.39554218259709556,53.5745,13.2951
WRI1005723,GuD-Ikw Staßfurt,DEU,Germany,gas,132.0,1996,24,35,11,0.40392,4.0,0.39554218259709556,51.8655,11.5738
WRI1005724,GuD-Kraftwerk,DEU,Germany,gas,17.2,2005,15,35,20,0.40392,4.0,0.39554218259709556,49.5307,8.4709
WRI1005730,HBB,DEU,Germany,gas,24.0,2001,19,35,16,0.40392,4.0,0.39554218259709556,47.796,12.1193
WRI1005769,"HKW ""Helmshäger Berg""",DEU,Germany,gas,14.7,1996,24,35,11,0.40392,4.0,0.39554218259709556,54.0973,13.385
WRI1005770,HKW 1,DEU,Germany,gas,23.1,1972,48,35,-13,0.40392,4.0,0.39554218259709556,51.4707,6.8616
WRI1005771,HKW 1 Werk Offstein,DEU,Germany,gas,30.0,1992,28,35,7,0.40392,4.0,0.39554218259709556,49.5991,8.221
WRI1005772,HKW 2,DEU,Germany,gas,24.5,1995,25,35,10,0.40392,4.0,0.39554218259709556,51.4707,6.8616
WRI1005774,HKW Bad Salzungen,DEU,Germany,gas,9.7,1994,26,35,9,0.40392,4.0,0.39554218259709556,50.8003,10.2206
WRI1005775,HKW Barmen,DEU,Germany,gas,82.0,2005,15,35,20,0.40392,4.0,0.39554218259709556,51.2689,7.2003
WRI1005776,HKW Bohrhügel,DEU,Germany,gas,13.5,1995,25,35,10,0.40392,4.0,0.39554218259709556,50.6315,10.6987
WRI1005767,HKW Brandenburg,DEU,Germany,gas,36.0,1997,23,35,12,0.40392,4.0,0.39554218259709556,51.5122,13.9711
WRI1005778,HKW Chemnitz  Nord II (Natural Gas),DEU,Germany,gas,57.2,1986,34,35,1,0.40392,4.0,0.39554218259709556,50.857,12.9231
WRI1005780,HKW Dresden-Nossener Brücke,DEU,Germany,gas,263.0,1995,25,35,10,0.40392,4.0,0.39554218259709556,51.0421,13.7086
WRI1005782,HKW Eltmann,DEU,Germany,gas,57.0,2008,12,35,23,0.40392,4.0,0.39554218259709556,49.984,10.6514
WRI1005783,HKW Erfurt-Ost,DEU,Germany,gas,109.1,1996,24,35,11,0.40392,4.0,0.39554218259709556,50.9848,11.0299
WRI1005785,HKW Erlangen (Natural Gas),DEU,Germany,gas,28.5,1996,24,35,11,0.40392,4.0,0.39554218259709556,49.593,11.0016
WRI1005786,HKW Fenne  GrubenNatural Gaskraftwerk,DEU,Germany,gas,42.0,2003,17,35,18,0.40392,4.0,0.39554218259709556,49.249,6.8792
WRI1005768,HKW Freiberg,DEU,Germany,gas,27.0,2001,19,35,16,0.40392,4.0,0.39554218259709556,48.0056,7.8423
WRI1005788,HKW Göttingen,DEU,Germany,gas,18.8,1998,22,35,13,0.40392,4.0,0.39554218259709556,51.5534,9.9337
WRI1005789,HKW Halle Trotha,DEU,Germany,gas,254.0,1996,24,35,11,0.40392,4.0,0.39554218259709556,51.481,11.9643
WRI1005790,HKW Hiltrop,DEU,Germany,gas,44.0,2014,6,35,29,0.40392,4.0,0.39554218259709556,51.508,7.2503
WRI1005791,HKW Humboldtstr.,DEU,Germany,gas,31.0,1996,24,35,11,0.40392,4.0,0.39554218259709556,54.3275,10.1267
WRI1005793,HKW III/B,DEU,Germany,gas,274.0,2005,15,35,20,0.40392,4.0,0.39554218259709556,51.3907,6.7478
WRI1005794,HKW Jena,DEU,Germany,gas,182.0,1996,24,35,11,0.40392,4.0,0.39554218259709556,50.8969,11.5857
WRI1005796,HKW Karcherstr. (Natural Gas),DEU,Germany,gas,11.6,1989,31,35,4,0.40392,4.0,0.39554218259709556,49.4347,7.7602
WRI1005798,HKW Merheim,DEU,Germany,gas,15.8,2001,19,35,16,0.40392,4.0,0.39554218259709556,50.9431,7.0852
WRI1005799,HKW Merkenich,DEU,Germany,gas,15.5,1965,55,35,-20,0.40392,4.0,0.39554218259709556,51.0179,6.964
WRI1005801,HKW Merkenich (Natural Gas),DEU,Germany,gas,108.0,2004,16,35,19,0.40392,4.0,0.39554218259709556,51.0178,6.9643
WRI1005802,HKW Niederrad,DEU,Germany,gas,126.0,2005,15,35,20,0.40392,4.0,0.39554218259709556,50.0856,8.6279
WRI1005803,HKW Niehl 2,DEU,Germany,gas,413.0,2005,15,35,20,0.40392,4.0,0.39554218259709556,50.9749,6.988
WRI1005806,HKW Pfaffenwald,DEU,Germany,gas,36.0,1996,24,35,11,0.40392,4.0,0.39554218259709556,48.7508,9.1103
WRI1005807,HKW Potsdam-Süd,DEU,Germany,gas,81.8,1996,24,35,11,0.40392,4.0,0.39554218259709556,52.3661,13.1125
WRI1005810,HKW Sandreuth,DEU,Germany,gas,150.0,2005,15,35,20,0.40392,4.0,0.39554218259709556,49.4386,11.0606
WRI1005812,HKW Schwarza,DEU,Germany,gas,26.5,1996,24,35,11,0.40392,4.0,0.39554218259709556,50.6869,11.3293
WRI1005813,HKW Schwerin Lankow,DEU,Germany,gas,23.0,1994,26,35,9,0.40392,4.0,0.39554218259709556,53.6539,11.373
WRI1005814,HKW Schwerin Süd,DEU,Germany,gas,44.9,1994,26,35,9,0.40392,4.0,0.39554218259709556,53.5779,11.3965
WRI1005815,HKW Südstadt,DEU,Germany,gas,35.0,1994,26,35,9,0.40392,4.0,0.39554218259709556,50.917,6.9573
WRI1005816,HKW West,DEU,Germany,gas,99.0,1994,26,35,9,0.40392,4.0,0.39554218259709556,50.0984,8.6531
WRI1005820,HKW Wiesengrund,DEU,Germany,gas,22.1,1993,27,35,8,0.40392,4.0,0.39554218259709556,50.9816,10.2906
WRI1005821,HKW Wörth,DEU,Germany,gas,59.0,2008,12,35,23,0.40392,4.0,0.39554218259709556,49.07,8.307
WRI1005822,HKW-Mitte,DEU,Germany,gas,137.3,1996,24,35,11,0.40392,4.0,0.39554218259709556,52.2786,10.5147
WRI1005824,HKW-Nord,DEU,Germany,gas,25.0,1965,55,35,-20,0.40392,4.0,0.39554218259709556,52.2786,10.5147
WRI1005825,HKW-West,DEU,Germany,gas,12.8,2002,18,35,17,0.40392,4.0,0.39554218259709556,52.0262,8.8666
WRI1005826,HKW3 UPM Schongau,DEU,Germany,gas,65.0,2015,5,35,30,0.40392,4.0,0.39554218259709556,48.1603,10.1144
WRI1005728,Hattorf,DEU,Germany,gas,52.3,1996,24,35,11,0.40392,4.0,0.39554218259709556,50.8126,9.978
WRI1005732,Heizkraftwerk 1,DEU,Germany,gas,22.5,1992,28,35,7,0.40392,4.0,0.39554218259709556,53.5177,9.9508
WRI1005733,Heizkraftwerk 2,DEU,Germany,gas,152.0,1996,24,35,11,0.40392,4.0,0.39554218259709556,50.0918,8.5311
WRI1005735,Heizkraftwerk 4,DEU,Germany,gas,18.0,1976,44,35,-9,0.40392,4.0,0.39554218259709556,48.3751,10.9028
WRI1005736,Heizkraftwerk 5,DEU,Germany,gas,10.0,1999,21,35,14,0.40392,4.0,0.39554218259709556,49.8828,8.6287
WRI1005738,Heizkraftwerk Altbach/Deizisau (Natural Gas),DEU,Germany,gas,65.0,1996,24,35,11,0.40392,4.0,0.39554218259709556,48.7176,9.3749
WRI1005739,Heizkraftwerk Bomlitz,DEU,Germany,gas,22.1,1912,108,35,-73,0.40392,4.0,0.39554218259709556,52.9,9.65
WRI1005741,Heizkraftwerk Evonik Rheinfelden,DEU,Germany,gas,16.0,1980,40,35,-5,0.40392,4.0,0.39554218259709556,47.5708,7.8072
WRI1005744,Heizkraftwerk Gera-Nord,DEU,Germany,gas,148.0,1996,24,35,11,0.40392,4.0,0.39554218259709556,50.9076,12.061
WRI1005745,Heizkraftwerk Hafen,DEU,Germany,gas,100.2,2005,15,35,20,0.40392,4.0,0.39554218259709556,51.9501,7.6413
WRI1005746,Heizkraftwerk Hagen-Kabel,DEU,Germany,gas,230.0,1980,40,35,-5,0.40392,4.0,0.39554218259709556,51.411,7.4917
WRI1005749,Heizkraftwerk Karlstraße 2,DEU,Germany,gas,95.0,2013,7,35,28,0.40392,4.0,0.39554218259709556,50.7338,7.0805
WRI1005750,Heizkraftwerk Krefeld,DEU,Germany,gas,12.6,1996,24,35,11,0.40392,4.0,0.39554218259709556,51.3388,6.5853
WRI1005751,Heizkraftwerk Leipzig-Nord,DEU,Germany,gas,167.0,1996,24,35,11,0.40392,4.0,0.39554218259709556,51.3512,12.3784
WRI1005756,Heizkraftwerk Pforzheim GmbH,DEU,Germany,gas,52.5,1969,51,35,-16,0.40392,4.0,0.39554218259709556,48.8832,8.6653
WRI1005758,Heizkraftwerk Sindelfingen,DEU,Germany,gas,95.0,1996,24,35,11,0.40392,4.0,0.39554218259709556,48.6972,8.9992
WRI1005759,Heizkraftwerk Stendal,DEU,Germany,gas,22.0,1994,26,35,9,0.40392,4.0,0.39554218259709556,52.6087,11.8325
WRI1005761,Heizkraftwerk West,DEU,Germany,gas,37.0,1984,36,35,-1,0.40392,4.0,0.39554218259709556,49.0144,8.3481
WRI1005762,Heizkraftwerk zur Papierfabrik,DEU,Germany,gas,18.1,1995,25,35,10,0.40392,4.0,0.39554218259709556,52.618,7.8619
WRI1005763,Heizkraftwerke an der Friedensbrücke,DEU,Germany,gas,122.0,1996,24,35,11,0.40392,4.0,0.39554218259709556,49.8,9.9231
WRI1005829,Holthausen,DEU,Germany,gas,84.0,1948,72,35,-37,0.40392,4.0,0.39554218259709556,51.1756,6.838
WRI1005830,Huckingen,DEU,Germany,gas,606.0,1996,24,35,11,0.40392,4.0,0.39554218259709556,51.3679,6.7167
WRI1005831,Huntorf,DEU,Germany,gas,321.0,1978,42,35,-7,0.40392,4.0,0.39554218259709556,53.1897,8.4087
WRI1005834,IHKW Heidenheim,DEU,Germany,gas,26.5,1996,24,35,11,0.40392,4.0,0.39554218259709556,48.6701,10.1506
WRI1005835,IKS PCK Schwedt,DEU,Germany,oil,333.5,1982,38,35,-3,0.7621714285714286,7.0,0.1562851530269719,53.0982,14.2345
WRI1005839,ILK-GuD,DEU,Germany,gas,135.7,1994,26,35,9,0.40392,4.0,0.39554218259709556,51.2998,12.0193
WRI1005846,INEOS Kraftwerk,DEU,Germany,gas,24.0,1995,25,35,10,0.40392,4.0,0.39554218259709556,51.4693,6.6436
WRI1005841,Industriekraftwerk Bernburg (IKB),DEU,Germany,gas,66.0,1994,26,35,9,0.40392,4.0,0.39554218259709556,51.8012,11.7544
WRI1005842,Industriekraftwerk Breuberg,DEU,Germany,gas,11.4,1999,21,35,14,0.40392,4.0,0.39554218259709556,49.8108,9.0117
WRI1005843,Industriekraftwerk Greifswald,DEU,Germany,gas,37.7,2014,6,35,29,0.40392,4.0,0.39554218259709556,54.1379,13.6671
WRI1005844,Industriekraftwerk Ludwigshafen,DEU,Germany,gas,12.0,2003,17,35,18,0.40392,4.0,0.39554218259709556,49.4532,8.4336
WRI1005845,Industriepark Werk Gendorf,DEU,Germany,gas,49.0,2002,18,35,17,0.40392,4.0,0.39554218259709556,48.1768,12.7306
WRI1005850,Itzehoe,DEU,Germany,oil,88.0,1972,48,35,-13,0.7621714285714286,7.0,0.1562851530269719,53.9664,9.4495
WRI1005852,K&N PFK AG EV,DEU,Germany,gas,12.75,1993,27,35,8,0.40392,4.0,0.39554218259709556,51.0513,13.0166
WRI1005909,KW Kirchlengern,DEU,Germany,gas,201.5,1980,40,35,-5,0.40392,4.0,0.39554218259709556,52.1951,8.6482
WRI1005912,KW Mittelsbüren,DEU,Germany,oil,198.0,1982,38,35,-3,0.7621714285714286,7.0,0.1562851530269719,53.1289,8.6852
WRI1005919,KWH,DEU,Germany,gas,102.0,1975,45,35,-10,0.40392,4.0,0.39554218259709556,52.3667,9.7167
WRI1005920,KWK AOS GmbH,DEU,Germany,gas,30.7,2012,8,35,27,0.40392,4.0,0.39554218259709556,53.6575,9.502
WRI1005924,KWK-Anlage Barby,DEU,Germany,gas,18.0,1993,27,35,8,0.40392,4.0,0.39554218259709556,51.9832,11.8766
WRI1005925,KWK-Anlage Krefeld DT,DEU,Germany,gas,25.8,2004,16,35,19,0.40392,4.0,0.39554218259709556,51.3392,6.6642
WRI1005926,KWK-Anlage Krefeld VM,DEU,Germany,gas,14.0,2004,16,35,19,0.40392,4.0,0.39554218259709556,51.3392,6.6642
WRI1005927,KWKK Heidelberg,DEU,Germany,gas,13.5,2002,18,35,17,0.40392,4.0,0.39554218259709556,49.4216,8.6728
WRI1005859,Kessel 2,DEU,Germany,gas,2.9,1967,53,35,-18,0.40392,4.0,0.39554218259709556,50.777,6.486
WRI1005861,Kesselhaus Zuckerfabrik,DEU,Germany,gas,15.1,1993,27,35,8,0.40392,4.0,0.39554218259709556,53.8563,13.7101
WRI1005862,Kirchmöser,DEU,Germany,gas,160.0,1994,26,35,9,0.40392,4.0,0.39554218259709556,52.3942,12.4181
WRI1005865,Knapsack Natural Gas I,DEU,Germany,gas,1230.0,1996,24,35,11,0.40392,4.0,0.39554218259709556,50.8617,6.8424
WRI1005870,Kombi-HKW,DEU,Germany,gas,50.0,1987,33,35,2,0.40392,4.0,0.39554218259709556,51.2791,9.484
WRI1005871,Kombikraftwerk,DEU,Germany,gas,46.6,1993,27,35,8,0.40392,4.0,0.39554218259709556,51.4656,12.592
WRI1005873,Kraftwerk,DEU,Germany,oil,66.3,1962,58,35,-23,0.7621714285714286,7.0,0.1562851530269719,50.8305,6.9594
WRI1005875,Kraftwerk 2,DEU,Germany,gas,34.2,1996,24,35,11,0.40392,4.0,0.39554218259709556,50.5691,9.6813
WRI1005880,Kraftwerk Fulda,DEU,Germany,oil,24.8,2011,9,35,26,0.7621714285714286,7.0,0.1562851530269719,50.5664,9.6861
WRI1005881,Kraftwerk Grenzach-Wyhlen,DEU,Germany,gas,40.0,2004,16,35,19,0.40392,4.0,0.39554218259709556,47.5397,7.7069
WRI1005882,Kraftwerk Hausham,DEU,Germany,oil,92.8,1982,38,35,-3,0.7621714285714286,7.0,0.1562851530269719,47.7524,11.8398
WRI1005884,Kraftwerk III,DEU,Germany,gas,139.0,1996,24,35,11,0.40392,4.0,0.39554218259709556,51.6804,7.0969
WRI1005886,Kraftwerk Mainz,DEU,Germany,gas,434.2,2001,19,35,16,0.40392,4.0,0.39554218259709556,50.0264,8.2379
WRI1005887,Kraftwerk Meggle,DEU,Germany,gas,12.6,2000,20,35,15,0.40392,4.0,0.39554218259709556,48.0564,12.1852
WRI1005888,Kraftwerk Mitte,DEU,Germany,gas,490.0,2005,15,35,20,0.40392,4.0,0.39554218259709556,49.5137,8.4316
WRI1005891,Kraftwerk Plattling,DEU,Germany,gas,97.9,2010,10,35,25,0.40392,4.0,0.39554218259709556,48.7874,12.8825
WRI1005895,Kraftwerk Süd,DEU,Germany,gas,390.0,1997,23,35,12,0.40392,4.0,0.39554218259709556,49.5136,8.4316
WRI1005897,Kraftwerk Walheim,DEU,Germany,oil,136.0,1981,39,35,-4,0.7621714285714286,7.0,0.1562851530269719,49.0175,9.1574
WRI1005934,Lichterfelde,DEU,Germany,gas,432.0,1996,24,35,11,0.40392,4.0,0.39554218259709556,52.4252,13.3098
WRI1005954,MT  Düren,DEU,Germany,gas,14.0,2011,9,35,26,0.40392,4.0,0.39554218259709556,50.7728,6.49
WRI1005947,MiRO,DEU,Germany,oil,70.0,1995,25,35,10,0.7621714285714286,7.0,0.1562851530269719,49.0608,8.3244
WRI1005948,Mitte,DEU,Germany,gas,444.0,1996,24,35,11,0.40392,4.0,0.39554218259709556,52.5117,13.4209
WRI1005951,Moabit (Oil),DEU,Germany,oil,51.0,1971,49,35,-14,0.7621714285714286,7.0,0.1562851530269719,52.5374,13.3461
WRI1006093,Natural Gas Turbine #1,DEU,Germany,gas,28.0,1975,45,35,-10,0.40392,4.0,0.39554218259709556,49.2095,7.936
WRI1006095,Natural Gas Turbine #2,DEU,Germany,gas,19.5,1978,42,35,-7,0.40392,4.0,0.39554218259709556,51.6627,10.3531
WRI1006101,Natural Gas Turbine #3,DEU,Germany,gas,36.0,2014,6,35,29,0.40392,4.0,0.39554218259709556,51.1514,13.9776
WRI1005706,Natural Gas Turbine #6,DEU,Germany,gas,217.8,1996,24,35,11,0.40392,4.0,0.39554218259709556,51.2212,6.7319
WRI1005708,Natural Gas Turbine #7,DEU,Germany,gas,18.6,1996,24,35,11,0.40392,4.0,0.39554218259709556,49.4059,11.1329
WRI1005972,Natural Gas Turbine #8,DEU,Germany,gas,28.8,2004,16,35,19,0.40392,4.0,0.39554218259709556,48.401,10.9358
WRI1005973,Natural Gas Turbine #9,DEU,Germany,gas,51.9,1975,45,35,-10,0.40392,4.0,0.39554218259709556,50.8305,6.9594
WRI1005967,Natural Gas- u. Dampfturbinenanlage Südraum,DEU,Germany,gas,38.6,2012,8,35,27,0.40392,4.0,0.39554218259709556,49.2137,6.9781
WRI1005968,Natural Gasblock,DEU,Germany,gas,293.0,1976,44,35,-9,0.40392,4.0,0.39554218259709556,51.2214,6.7313
WRI1005969,Natural Gaskraftwerk #1,DEU,Germany,gas,45.3,1966,54,35,-19,0.40392,4.0,0.39554218259709556,50.7055,6.6536
WRI1005971,Natural Gasmotore,DEU,Germany,gas,23.3,2011,9,35,26,0.40392,4.0,0.39554218259709556,47.8561,12.1341
WRI1005988,Obernburg,DEU,Germany,gas,100.0,1996,24,35,11,0.40392,4.0,0.39554218259709556,49.8293,9.1482
WRI1005992,P&L Werk Appeldorn,DEU,Germany,gas,11.4,2004,16,35,19,0.40392,4.0,0.39554218259709556,51.7297,6.3586
WRI1005996,P&L Werk Lage,DEU,Germany,gas,10.2,1980,40,35,-5,0.40392,4.0,0.39554218259709556,51.9861,8.8073
WRI1006003,PKV Kraftwerk,DEU,Germany,gas,60.0,1989,31,35,4,0.40392,4.0,0.39554218259709556,53.4032,8.1282
WRI1006010,PWG,DEU,Germany,gas,10.6,1996,24,35,11,0.40392,4.0,0.39554218259709556,47.7895,11.0554
WRI1006014,RAG Anthrazit Ibbenbüren GmbH,DEU,Germany,gas,33.4,1985,35,35,0,0.40392,4.0,0.39554218259709556,52.2859,7.7461
WRI1006012,Raffineriekraftwerk,DEU,Germany,oil,92.5,1997,23,35,12,0.7621714285714286,7.0,0.1562851530269719,51.2998,12.0193
WRI1006013,Raffineriekraftwerk Köln Godorf,DEU,Germany,oil,80.0,2004,16,35,19,0.7621714285714286,7.0,0.1562851530269719,50.8548,6.9808
WRI1006025,Rheinhafen-Dampfkraftwerk,DEU,Germany,gas,353.0,1998,22,35,13,0.40392,4.0,0.39554218259709556,49.013,8.304
WRI1006049,SKW Diesel,DEU,Germany,oil,10.5,1978,42,35,-7,0.7621714285714286,7.0,0.1562851530269719,47.6835,10.3191
WRI1006050,SKW Natural Gasturbine,DEU,Germany,oil,24.0,1988,32,35,3,0.7621714285714286,7.0,0.1562851530269719,47.6835,10.3191
WRI1006061,STW,DEU,Germany,gas,13.5,2007,13,35,22,0.40392,4.0,0.39554218259709556,50.8741,13.3944
WRI1006047,Sigmundshall,DEU,Germany,gas,19.0,1974,46,35,-11,0.40392,4.0,0.39554218259709556,52.4185,9.3681
WRI1006051,Spitzenlastanlage Barmen,DEU,Germany,oil,60.0,2008,12,35,23,0.7621714285714286,7.0,0.1562851530269719,51.2689,7.2003
WRI1006052,Spitzenlastkraftwerk Großkayna,DEU,Germany,oil,120.0,1994,26,35,9,0.7621714285714286,7.0,0.1562851530269719,51.2919,11.9465
WRI1006053,Spitzenlastkraftwerk Sermuth,DEU,Germany,oil,17.0,1995,25,35,10,0.7621714285714286,7.0,0.1562851530269719,51.1614,12.7815
WRI1006054,Spitzenlastkraftwerk Wolfen,DEU,Germany,gas,40.0,1997,23,35,12,0.40392,4.0,0.39554218259709556,51.6431,12.2289
WRI1006058,Steinitz,DEU,Germany,gas,11.4,1995,25,35,10,0.40392,4.0,0.39554218259709556,52.83,11.1033
WRI1006062,Süd DT1,DEU,Germany,gas,79.7,1980,40,35,-5,0.40392,4.0,0.39554218259709556,48.1351,11.582
WRI1006063,Süd DT60,DEU,Germany,gas,127.6,2004,16,35,19,0.40392,4.0,0.39554218259709556,48.1351,11.582
WRI1006064,Süd GT 61,DEU,Germany,gas,444.6,2004,16,35,19,0.40392,4.0,0.39554218259709556,48.1351,11.582
WRI1006068,Thyrow,DEU,Germany,gas,296.0,1996,24,35,11,0.40392,4.0,0.39554218259709556,52.2302,13.3019
WRI1006074,Trianel Natural Gaskraftwerk,DEU,Germany,gas,838.0,2008,12,35,23,0.40392,4.0,0.39554218259709556,51.6739,7.9291
WRI1006115,UPM Augsburg,DEU,Germany,gas,29.0,1966,54,35,-19,0.40392,4.0,0.39554218259709556,48.3801,10.9014
WRI1006113,Unterbreizbach,DEU,Germany,gas,33.6,1965,55,35,-20,0.40392,4.0,0.39554218259709556,50.8132,9.9775
WRI1006131,Wedel,DEU,Germany,oil,101.0,1972,48,35,-13,0.7621714285714286,7.0,0.1562851530269719,53.5663,9.7285
WRI1006137,Werkskraftwerk Sappi Alfeld 2,DEU,Germany,gas,20.0,1947,73,35,-38,0.40392,4.0,0.39554218259709556,51.9851,9.8225
WRI1006144,Wilhelmshaven (Oil),DEU,Germany,oil,56.0,1973,47,35,-12,0.7621714285714286,7.0,0.1562851530269719,53.5658,8.1462
WRI1006145,Wilmersdorf,DEU,Germany,oil,828.0,1977,43,35,-8,0.7621714285714286,7.0,0.1562851530269719,52.4816,13.3076
WRI1006146,Wintershall,DEU,Germany,gas,109.5,1967,53,35,-18,0.40392,4.0,0.39554218259709556,50.894,9.9972
WRI1006150,X-Kraftwerk,DEU,Germany,gas,27.0,1981,39,35,-4,0.40392,4.0,0.39554218259709556,51.0144,6.9873
WRI1006153,Zielitz,DEU,Germany,gas,52.0,1996,24,35,11,0.40392,4.0,0.39554218259709556,52.2985,11.6796
WRI1061107,Agios Georgiou,GRC,Greece,gas,360.0,2010,10,35,25,0.40392,4.0,0.4778619302655069,37.9539,23.6104
WRI1061105,Aliveri,GRC,Greece,gas,420.0,2010,10,35,25,0.40392,4.0,0.4778619302655069,38.3896,24.0524
WRI1061072,Atherinolakkos,GRC,Greece,oil,102.0,1990,30,35,5,0.7621714285714286,7.0,0.85,35.0038,26.1397
WRI1061109,Chania,GRC,Greece,gas,134.0,1998,22,35,13,0.40392,4.0,0.4778619302655069,35.488,24.0384
WRI1061108,Heron I,GRC,Greece,gas,148.0,2010,10,35,25,0.40392,4.0,0.4778619302655069,38.2801,23.3264
WRI1061103,Heron II,GRC,Greece,gas,432.0,2010,10,35,25,0.40392,4.0,0.4778619302655069,38.2792,23.3299
WRI1061102,Korinthos Power Plant,GRC,Greece,gas,437.0,2012,8,35,27,0.40392,4.0,0.4778619302655069,37.9208,23.0665
WRI1061100,Kotomini,GRC,Greece,gas,485.0,2002,18,35,17,0.40392,4.0,0.4778619302655069,41.0646,25.4899
WRI1061099,Lavrio,GRC,Greece,gas,723.0,2010,10,35,25,0.40392,4.0,0.4778619302655069,37.7463,24.0666
WRI1061071,Linoperamata,GRC,Greece,oil,193.0,1990,30,35,5,0.7621714285714286,7.0,0.85,35.34,25.0523
WRI1061098,Megalopolis V,GRC,Greece,gas,811.0,2010,10,35,25,0.40392,4.0,0.4778619302655069,37.418,22.1083
WRI1061101,Protergia Power Plant,GRC,Greece,gas,444.0,2011,9,35,26,0.40392,4.0,0.4778619302655069,38.3585,22.6883
WRI1023514,South Rhodes Power Plant,GRC,Greece,oil,206.0,1990,30,35,5,0.7621714285714286,7.0,0.85,36.3789,28.0186
WRI1061106,Thessaloniki Power Plant,GRC,Greece,gas,390.0,2005,15,35,20,0.40392,4.0,0.4778619302655069,40.6872,22.885
WRI1061104,Thisvi Power Station,GRC,Greece,gas,421.0,2010,10,35,25,0.40392,4.0,0.4778619302655069,38.2365,22.95
WRI1020251,Alpiq Csepel Erőmű,HUN,Hungary,gas,401.0,2002,18,35,17,0.40392,4.0,0.341009542951005,47.428,19.0525
WRI1020262,Debreceni Kombináltciklusú Erőmű,HUN,Hungary,gas,95.0,2002,18,35,17,0.40392,4.0,0.341009542951005,47.5185,21.6329
WRI1020249,Dunamenti Erőmű,HUN,Hungary,gas,840.7,2002,18,35,17,0.40392,4.0,0.341009542951005,47.3283,18.9169
WRI1020270,GREENERGY szabályozási központ,HUN,Hungary,gas,45.8,2002,18,35,17,0.40392,4.0,0.341009542951005,46.0641,18.2646
WRI1020250,Gönyűi Erőmű,HUN,Hungary,gas,426.6,2002,18,35,17,0.40392,4.0,0.341009542951005,47.7384,17.8033
WRI1020253,Kelenföldi Erőmű,HUN,Hungary,gas,173.0,2002,18,35,17,0.40392,4.0,0.341009542951005,47.4624,19.0563
WRI1020259,Kispesti Erőmű,HUN,Hungary,gas,109.2,2002,18,35,17,0.40392,4.0,0.341009542951005,47.4568,19.1673
WRI1020254,Lőrinci Gázturbinás Erőmű,HUN,Hungary,oil,170.0,1990,30,35,5,0.7621714285714286,7.0,0.021894977168949774,47.7164,19.6778
WRI1020247,Tiszai Erőmű,HUN,Hungary,gas,864.0,2002,18,35,17,0.40392,4.0,0.341009542951005,47.9178,21.0784
WRI1002813,Aghada,IRL,Ireland,gas,528.0,2002,18,35,17,0.40392,4.0,0.4718924266453969,51.8347,-8.2362
WRI1002814,Aghada CCGT,IRL,Ireland,gas,435.0,2002,18,35,17,0.40392,4.0,0.4718924266453969,51.8347,-8.2362
WRI1002820,Cushaling,IRL,Ireland,oil,116.0,1990,30,35,5,0.7621714285714286,7.0,0.02234308037422515,53.2926,-7.0866
WRI1002821,Dublin Bay Power,IRL,Ireland,gas,415.0,2002,18,35,17,0.40392,4.0,0.4718924266453969,53.34,-6.2049
WRI1002822,Edenderry,IRL,Ireland,oil,117.6,1990,30,35,5,0.7621714285714286,7.0,0.02234308037422515,53.2902,-7.0845
WRI1002824,Great Island,IRL,Ireland,oil,216.0,1990,30,35,5,0.7621714285714286,7.0,0.02234308037422515,52.2793,-6.9935
WRI1002825,Huntstown,IRL,Ireland,gas,343.0,2002,18,35,17,0.40392,4.0,0.4718924266453969,53.4119,-6.3261
WRI1002826,Huntstown Phase II,IRL,Ireland,gas,404.0,2002,18,35,17,0.40392,4.0,0.4718924266453969,53.4119,-6.3261
WRI1002832,Marina No ST,IRL,Ireland,gas,88.0,2002,18,35,17,0.40392,4.0,0.4718924266453969,51.9,-8.4458
WRI1002836,Poolbeg Combined Cycle,IRL,Ireland,gas,480.0,2002,18,35,17,0.40392,4.0,0.4718924266453969,53.3396,-6.1867
WRI1002837,Rhode,IRL,Ireland,oil,104.0,1990,30,35,5,0.7621714285714286,7.0,0.02234308037422515,53.3594,-7.213
WRI1002838,Sealrock (Aughinish CHP),IRL,Ireland,gas,166.0,2002,18,35,17,0.40392,4.0,0.4718924266453969,52.6324,-9.0596
WRI1002839,Tarbert,IRL,Ireland,oil,488.0,1990,30,35,5,0.7621714285714286,7.0,0.02234308037422515,52.5893,-9.3632
WRI1002840,Tawnaghmore,IRL,Ireland,oil,104.0,1990,30,35,5,0.7621714285714286,7.0,0.02234308037422515,54.1934,-9.2206
WRI1002842,Tynagh,IRL,Ireland,gas,388.5,2002,18,35,17,0.40392,4.0,0.4718924266453969,53.1658,-8.381
WRI1002844,Whitegate,IRL,Ireland,gas,445.0,2002,18,35,17,0.40392,4.0,0.4718924266453969,51.8161,-8.2511
WRI1002845,ALTOMONTE,ITA,Italy,gas,808.0,2006,14,35,21,0.40392,4.0,0.04376401800344475,39.7118,16.215
WRI1002847,API ENERGIA IGCC,ITA,Italy,gas,280.0,2001,19,35,16,0.40392,4.0,0.04376401800344475,37.2814,13.521
WRI1002848,ASSEMINI,ITA,Italy,oil,177.0,1992,28,35,7,0.7621714285714286,7.0,0.01050358386484759,39.2269,8.9972
WRI1002849,AUGUSTA C.LE,ITA,Italy,oil,210.0,1959,61,35,-26,0.7621714285714286,7.0,0.01050358386484759,37.2083,15.1778
WRI1002851,AZOTATI,ITA,Italy,gas,240.0,1993,27,35,8,0.40392,4.0,0.04376401800344475,45.4511,12.2239
WRI1002857,BUSSI,ITA,Italy,gas,125.0,1994,26,35,9,0.40392,4.0,0.04376401800344475,42.2002,13.8398
WRI1002858,CANDELA,ITA,Italy,gas,400.0,2004,16,35,19,0.40392,4.0,0.04376401800344475,41.2014,15.4762
WRI1002862,CCGT APRILIA,ITA,Italy,gas,787.0,2004,16,35,19,0.40392,4.0,0.04376401800344475,41.5616,12.6337
WRI1002864,CELANO,ITA,Italy,gas,180.0,1998,22,35,13,0.40392,4.0,0.04376401800344475,42.0458,13.5475
WRI1002865,CENTRALE DI SCANDALE,ITA,Italy,gas,826.0,2004,16,35,19,0.40392,4.0,0.04376401800344475,39.1022,17.0325
WRI1002866,CENTRALE DI TEVEROLA,ITA,Italy,gas,400.0,2007,13,35,22,0.40392,4.0,0.04376401800344475,41.0092,14.2281
WRI1002867,CENTRALE DI TURANO LODIGIANO - BERTONICO (LO),ITA,Italy,gas,800.0,2011,9,35,26,0.40392,4.0,0.04376401800344475,45.2268,9.6377
WRI1002871,CHIVASSO,ITA,Italy,gas,1123.0,2004,16,35,19,0.40392,4.0,0.04376401800344475,45.1856,7.9016
WRI1002873,CTE DEL MINCIO,ITA,Italy,gas,400.0,2004,16,35,19,0.40392,4.0,0.04376401800344475,45.3993,10.7142
WRI1002874,CTE NUCE NORD,ITA,Italy,gas,480.0,2004,16,35,19,0.40392,4.0,0.04376401800344475,37.1313,15.2014
WRI1002875,CTE TAMARETE,ITA,Italy,gas,104.0,2013,7,35,28,0.40392,4.0,0.04376401800344475,42.3496,14.4039
WRI1002861,Cassano d’Adda,ITA,Italy,gas,969.0,2004,16,35,19,0.40392,4.0,0.04376401800344475,45.5115,9.5098
WRI1002876,E.ON C.TE LIVORNO FERRARIS,ITA,Italy,gas,804.0,2004,16,35,19,0.40392,4.0,0.04376401800344475,45.2372,8.1932
WRI1002878,ENERGIA MOLISE,ITA,Italy,gas,769.0,2006,14,35,21,0.40392,4.0,0.04376401800344475,41.9369,15.0004
WRI1002879,ENIPOWER BRINDISI,ITA,Italy,gas,1260.0,2004,16,35,19,0.40392,4.0,0.04376401800344475,40.6293,18.0033
WRI1002880,ENIPOWER RAVENNA,ITA,Italy,gas,972.0,2000,20,35,15,0.40392,4.0,0.04376401800344475,45.512,9.509
WRI1002890,GISSI,ITA,Italy,gas,840.0,2004,16,35,19,0.40392,4.0,0.04376401800344475,42.0502,14.5639
WRI1002894,ISAB ENERGY,ITA,Italy,gas,521.0,1998,22,35,13,0.40392,4.0,0.04376401800344475,37.1399,15.2158
WRI1002896,JESI,ITA,Italy,gas,140.0,2001,19,35,16,0.40392,4.0,0.04376401800344475,43.5537,13.285
WRI1002897,LA CASELLA C.LE,ITA,Italy,gas,1465.85,2004,16,35,19,0.40392,4.0,0.04376401800344475,45.0904,9.4805
WRI1002898,LAMARMORA,ITA,Italy,oil,116.7,1969,51,35,-16,0.7621714285714286,7.0,0.01050358386484759,45.5248,10.2273
WRI1002903,LARINO TG,ITA,Italy,gas,250.0,1992,28,35,7,0.40392,4.0,0.04376401800344475,41.8055,14.9193
WRI1002904,LEINI,ITA,Italy,gas,379.5,2007,13,35,22,0.40392,4.0,0.04376401800344475,45.163,7.7505
WRI1002905,LEVANTE,ITA,Italy,gas,752.5,1992,28,35,7,0.40392,4.0,0.04376401800344475,45.4458,12.2552
WRI1002906,LIVORNO MARZOCCO,ITA,Italy,oil,310.0,1965,55,35,-20,0.7621714285714286,7.0,0.01050358386484759,43.5673,10.31
WRI1002909,MILAZZO,ITA,Italy,gas,162.9,2004,16,35,19,0.40392,4.0,0.04376401800344475,38.2212,15.2383
WRI1002910,MONCALIERI,ITA,Italy,gas,780.0,2004,16,35,19,0.40392,4.0,0.04376401800344475,44.993,7.6755
WRI1002912,MONTALTO (Alessandro Volta),ITA,Italy,gas,3446.0,2004,16,35,19,0.40392,4.0,0.04376401800344475,42.3572,11.5373
WRI1002907,Maddaloni,ITA,Italy,gas,352.0,1977,43,35,-8,0.40392,4.0,0.04376401800344475,41.0197,14.37
WRI1002916,NAPOLI L,ITA,Italy,gas,400.0,2009,11,35,24,0.40392,4.0,0.04376401800344475,40.8339,14.3006
WRI1002917,OSTIGLIA,ITA,Italy,gas,1457.0,2013,7,35,28,0.40392,4.0,0.04376401800344475,45.0603,11.1374
WRI1002918,PIACENZA,ITA,Italy,gas,806.0,2006,14,35,21,0.40392,4.0,0.04376401800344475,45.0543,9.7086
WRI1002919,PIETRAFITTA,ITA,Italy,gas,365.0,2004,16,35,19,0.40392,4.0,0.04376401800344475,42.9954,12.1995
WRI1002920,PIOMBINO TERMICA,ITA,Italy,oil,1280.0,1969,51,35,-16,0.7621714285714286,7.0,0.01050358386484759,42.9565,10.6034
WRI1002923,PORCARI,ITA,Italy,gas,100.0,1996,24,35,11,0.40392,4.0,0.04376401800344475,43.8235,10.6023
WRI1002924,PORTO CORSINI,ITA,Italy,gas,750.0,2002,18,35,17,0.40392,4.0,0.04376401800344475,44.4836,12.2652
WRI1002925,PORTO EMPEDOCLE C.LE,ITA,Italy,oil,140.0,1969,51,35,-16,0.7621714285714286,7.0,0.01050358386484759,37.3123,13.5071
WRI1002927,PORTO TOLLE,ITA,Italy,oil,2640.0,1969,51,35,-16,0.7621714285714286,7.0,0.01050358386484759,44.9569,12.4883
WRI1002928,PORTO VIRO,ITA,Italy,gas,125.0,2004,16,35,19,0.40392,4.0,0.04376401800344475,45.0178,12.2408
WRI1002930,PRIOLO C.LE,ITA,Italy,gas,750.0,2004,16,35,19,0.40392,4.0,0.04376401800344475,37.14,15.2159
WRI1002926,Portoscuso,ITA,Italy,oil,320.0,1973,47,35,-12,0.7621714285714286,7.0,0.01050358386484759,39.2047,8.3789
WRI1002935,RIZZICONI,ITA,Italy,gas,760.0,2004,16,35,19,0.40392,4.0,0.04376401800344475,38.4453,15.99
WRI1002939,ROSSANO TE,ITA,Italy,oil,1200.0,1969,51,35,-16,0.7621714285714286,7.0,0.01050358386484759,39.6218,16.6084
WRI1002947,SAN FILIPPO DEL MELA,ITA,Italy,oil,866.0,1969,51,35,-16,0.7621714285714286,7.0,0.01050358386484759,38.2049,15.2818
WRI1002946,SAN QUIRICO,ITA,Italy,gas,137.0,2004,16,35,19,0.40392,4.0,0.04376401800344475,44.9167,10.25
WRI1002948,SARLUX,ITA,Italy,gas,630.0,2000,20,35,15,0.40392,4.0,0.04376401800344475,39.1037,9.0063
WRI1002949,SARMATO,ITA,Italy,gas,180.0,1998,22,35,13,0.40392,4.0,0.04376401800344475,45.0522,9.5072
WRI1002951,SERMIDE,ITA,Italy,gas,1151.0,2004,16,35,19,0.40392,4.0,0.04376401800344475,45.0265,11.2522
WRI1002953,SIMERI CRICHI,ITA,Italy,gas,760.0,2004,16,35,19,0.40392,4.0,0.04376401800344475,38.8759,16.6569
WRI1002956,SORGENIA PUGLIA CENTRALE DI MODUGNO,ITA,Italy,gas,800.0,2010,10,35,25,0.40392,4.0,0.04376401800344475,41.1025,16.756
WRI1002958,SPARANISE,ITA,Italy,gas,760.0,2004,16,35,19,0.40392,4.0,0.04376401800344475,41.1783,14.1129
WRI1002940,Santa Barbara,ITA,Italy,gas,390.0,2006,14,35,21,0.40392,4.0,0.04376401800344475,43.565,11.4777
WRI1002962,TAVAZZANO,ITA,Italy,gas,1520.0,2005,15,35,20,0.40392,4.0,0.04376401800344475,45.3325,9.4364
WRI1002964,TERMINI IMERESE C.LE,ITA,Italy,gas,1235.0,2004,16,35,19,0.40392,4.0,0.04376401800344475,37.9684,13.7512
WRI1021298,TERNI,ITA,Italy,gas,95.0,2004,16,35,19,0.40392,4.0,0.04376401800344475,42.554,12.6176
WRI1002966,TOR DI VALLE,ITA,Italy,gas,223.0,2004,16,35,19,0.40392,4.0,0.04376401800344475,41.8117,12.4228
WRI1002970,TORREVALDALIGA South,ITA,Italy,gas,1488.0,2004,16,35,19,0.40392,4.0,0.04376401800344475,42.1241,11.7624
WRI1002971,TORVISCOSA,ITA,Italy,gas,785.0,2006,14,35,21,0.40392,4.0,0.04376401800344475,45.817,13.2891
WRI1002972,TRAPANI C.LE,ITA,Italy,gas,213.4,2004,16,35,19,0.40392,4.0,0.04376401800344475,38.0158,12.5108
WRI1002973,TURBIGO,ITA,Italy,oil,1569.0,1969,51,35,-16,0.7621714285714286,7.0,0.01050358386484759,45.5201,8.7422
WRI1002976,VADO Ligure,ITA,Italy,gas,1353.0,2007,13,35,22,0.40392,4.0,0.04376401800344475,44.2755,8.4305
WRI1002982,VERZUOLO,ITA,Italy,gas,140.0,2004,16,35,19,0.40392,4.0,0.04376401800344475,44.5947,7.4858
WRI1002983,VOGHERA,ITA,Italy,gas,380.5,2004,16,35,19,0.40392,4.0,0.04376401800344475,45.0296,8.9723
WRI1022440,RTEC1,LVA,Latvia,gas,138.0,2002,18,35,17,0.40392,4.0,0.22363481267590857,56.9904,24.1788
WRI1022437,Riga Tec 2,LVA,Latvia,gas,863.0,2002,18,35,17,0.40392,4.0,0.22363481267590857,56.918,24.2766
GEODB0042163,Elektrenai (Lithuania) Thermal Power Plant Lithuania,LTU,Lithuania,gas,1800.0,2002,18,35,17,0.40392,4.0,0.07242696814655883,54.7701,24.6474
GEODB0042165,Kaunas CHP Power Plant Lithuania,LTU,Lithuania,gas,170.0,2002,18,35,17,0.40392,4.0,0.07242696814655883,54.9212,24.018
GEODB0042167,Mazheikiai CHP Power Plant Lithuania,LTU,Lithuania,gas,160.0,2002,18,35,17,0.40392,4.0,0.07242696814655883,56.3843,22.1841
GEODB0042166,Vilnius TE-3 CHP Power Plant Lithuania,LTU,Lithuania,gas,360.0,2002,18,35,17,0.40392,4.0,0.07242696814655883,54.6676,25.156
GEODB0045217,Esch-sur-Alzette CCGT Power Plant Luxembourg,LUX,Luxembourg,gas,385.0,2002,18,35,17,0.40392,4.0,0.04803504714463619,49.5119,5.9646
WRI1005499,Centrale Merwedekanaal,NLD,Netherlands,gas,227.0,2010,10,35,25,0.40392,4.0,0.85,52.1017,5.0794
WRI1005506,Delesto,NLD,Netherlands,gas,530.0,2010,10,35,25,0.40392,4.0,0.85,53.3185,6.9544
WRI1019310,Diemen 33,NLD,Netherlands,gas,684.0,1995,25,35,10,0.40392,4.0,0.85,52.3389,5.0213
WRI1005509,ELSTA,NLD,Netherlands,gas,456.0,2010,10,35,25,0.40392,4.0,0.85,51.3331,3.7787
WRI1019288,Eems,NLD,Netherlands,gas,2465.0,1996,24,35,11,0.40392,4.0,0.85,53.4441,6.856
WRI1019305,FLEVO,NLD,Netherlands,gas,999.0,2010,10,35,25,0.40392,4.0,0.85,52.5772,5.53
WRI1019306,HARCULO,NLD,Netherlands,gas,349.0,2010,10,35,25,0.40392,4.0,0.85,52.468,6.1088
WRI1019313,Ijmond,NLD,Netherlands,gas,114.0,1997,23,35,12,0.40392,4.0,0.85,52.4758,4.6048
WRI1019311,Magnum,NLD,Netherlands,gas,1311.0,2013,7,35,28,0.40392,4.0,0.85,53.4502,6.8548
WRI1019290,Maxima,NLD,Netherlands,gas,880.0,2010,10,35,25,0.40392,4.0,0.85,52.5772,5.53
WRI1005515,Rijnmond II,NLD,Netherlands,gas,427.0,2010,10,35,25,0.40392,4.0,0.85,51.8902,4.3552
WRI1019287,Sloe,NLD,Netherlands,gas,870.0,2010,10,35,25,0.40392,4.0,0.85,51.4482,3.6928
WRI1019069,Blachownia,POL,Poland,gas,158.0,2002,18,35,17,0.40392,4.0,0.85,50.3562,18.2907
WRI1061514,EC Bielsko-Biała 1,POL,Poland,gas,77.0,1973,47,35,-12,0.40392,4.0,0.85,49.8123,19.0538
WRI1061515,EC Bielsko-Północ 2,POL,Poland,oil,55.0,1997,23,35,12,0.7621714285714286,7.0,0.0,49.8733,19.0309
WRI1061516,EC Dębieńsko-Megawat,POL,Poland,gas,16.0,2002,18,35,17,0.40392,4.0,0.85,50.1576,18.6505
WRI1019074,EC Gorzów,POL,Poland,gas,243.0,2002,18,35,17,0.40392,4.0,0.85,52.7504,15.2712
WRI1019058,EC Lublin Wrotków,POL,Poland,gas,231.0,2002,18,35,17,0.40392,4.0,0.85,51.2161,22.5583
WRI1019077,EC Nowa Sarzyna,POL,Poland,gas,116.0,2000,20,35,15,0.40392,4.0,0.85,50.3172,22.3237
WRI1019054,EC PKN Orlen,POL,Poland,oil,600.0,2018,2,35,33,0.7621714285714286,7.0,0.0,52.5843,19.6879
WRI1061527,EC Pniówek,POL,Poland,gas,14.0,2002,18,35,17,0.40392,4.0,0.85,49.9672,18.6943
WRI1019087,EC Rzeszów,POL,Poland,gas,129.0,2002,18,35,17,0.40392,4.0,0.85,50.0646,22.0294
WRI1061499,EC Siedlce,POL,Poland,gas,51.0,2002,18,35,17,0.40392,4.0,0.85,52.1572,22.3061
WRI1061526,EC Suszec,POL,Poland,gas,11.0,2002,18,35,17,0.40392,4.0,0.85,50.0468,18.7609
WRI1061497,EC Toruń,POL,Poland,gas,106.0,2002,18,35,17,0.40392,4.0,0.85,53.0475,18.6932
WRI1061508,EC Władysławowo,POL,Poland,gas,11.0,2002,18,35,17,0.40392,4.0,0.85,54.7921,18.4228
WRI1019049,EC Włocławek,POL,Poland,gas,453.0,2017,3,35,32,0.40392,4.0,0.85,52.7074,18.9589
WRI1019067,EC Zielona Góra,POL,Poland,gas,188.0,1974,46,35,-11,0.40392,4.0,0.85,51.9514,15.4879
WRI1023231,Lares,PRT,Portugal,gas,826.0,2009,11,35,24,0.40392,4.0,0.5273833076342405,40.1245,-8.775
WRI1023230,Pego C.C.,PRT,Portugal,gas,837.0,2007,13,35,22,0.40392,4.0,0.5273833076342405,39.4689,-8.1113
WRI1023228,Ribatejo,PRT,Portugal,gas,1176.0,2005,15,35,20,0.40392,4.0,0.5273833076342405,39.0118,-8.9521
WRI1023229,Tapada do Outeiro,PRT,Portugal,gas,990.0,2007,13,35,22,0.40392,4.0,0.5273833076342405,41.07,-8.4587
WRI1019101,TPP  Braila,ROU,Romania,gas,413.0,2010,10,35,25,0.40392,4.0,0.2758865422129227,45.166,27.9235
WRI1019111,TPP Brazi,ROU,Romania,gas,220.0,2007,13,35,22,0.40392,4.0,0.2758865422129227,44.8802,25.9988
WRI1019107,TPP Bucuresti Sud,ROU,Romania,gas,280.0,2010,10,35,25,0.40392,4.0,0.2758865422129227,44.4233,25.979
WRI1019106,TPP Bucuresti Vest,ROU,Romania,gas,298.0,2010,10,35,25,0.40392,4.0,0.2758865422129227,44.4233,25.979
WRI1019097,TPP CCCC Petrom Brazi,ROU,Romania,gas,860.0,2012,8,35,27,0.40392,4.0,0.2758865422129227,44.8802,25.9988
WRI1019102,TPP Galati,ROU,Romania,gas,346.0,2010,10,35,25,0.40392,4.0,0.2758865422129227,45.436,27.9814
WRI1019098,TPP Iernut,ROU,Romania,gas,751.0,2010,10,35,25,0.40392,4.0,0.2758865422129227,46.4677,24.1833
WRI1019116,TPP Progresu,ROU,Romania,gas,184.0,2010,10,35,25,0.40392,4.0,0.2758865422129227,44.372,26.1073
GEODB0042639,Levice CCGT CHP Power Plant Slovakia,SVK,Slovakia,gas,80.0,2002,18,35,17,0.40392,4.0,0.6065281750213257,48.2022,18.597
GEODB0042638,Malzenice CCGT Power Plant Slovakia,SVK,Slovakia,gas,430.0,2002,18,35,17,0.40392,4.0,0.6065281750213257,48.4296,17.6978
GEODB0042640,PPC Bratislava CCGT CHP Power Plant Slovakia,SVK,Slovakia,gas,218.0,2002,18,35,17,0.40392,4.0,0.6065281750213257,48.1775,17.1548
WRI1022411,Brestanica (TEB),SVN,Slovenia,gas,297.0,2002,18,35,17,0.40392,4.0,0.16900050735667177,45.9975,15.4796
WRI1006159,ACECA  GRUPO 4,ESP,Spain,gas,758.74,2006,14,35,21,0.40392,4.0,0.3282127464766008,39.9427,-3.8548
WRI1006189,AMOREBIETA,ESP,Spain,gas,786.42,2005,15,35,20,0.40392,4.0,0.3282127464766008,43.2347,-2.7497
WRI1006203,ARCOS DE LA FRONTERA GRUPO 1,ESP,Spain,gas,1585.39,2005,15,35,20,0.40392,4.0,0.3282127464766008,36.6721,-5.8164
WRI1006207,ARONA 1  GAS 1,ESP,Spain,oil,43.2,2003,17,35,18,0.7621714285714286,7.0,0.24823452977048066,28.0996,-16.681
WRI1006210,ARRUBAL GRUPO 1,ESP,Spain,gas,784.7,2005,15,35,20,0.40392,4.0,0.3282127464766008,42.4194,-2.2511
WRI1006221,AZULIBER,ESP,Spain,gas,17.763,2006,14,35,21,0.40392,4.0,0.3282127464766008,40.0667,-0.2
WRI1006223,BAHIA DE ALGECIRAS I,ESP,Spain,gas,731.0,1970,50,35,-15,0.40392,4.0,0.3282127464766008,36.1829,-5.3905
WRI1006230,BARRANCO DE TIRAJANA 7  VAPOR 3 (CC1),ESP,Spain,oil,646.26,2008,12,35,23,0.7621714285714286,7.0,0.24823452977048066,27.8045,-15.4387
WRI1006249,BESOS  GRUPO 5,ESP,Spain,gas,1670.81,2010,10,35,25,0.40392,4.0,0.3282127464766008,41.4196,2.2294
WRI1006265,BOINERSA,ESP,Spain,oil,24.6,2011,9,35,26,0.7621714285714286,7.0,0.24823452977048066,42.65,-8.9
WRI1006292,CAMPO DE GIBRALTAR GRUPO 20,ESP,Spain,gas,780.6600000000001,2004,16,35,19,0.40392,4.0,0.3282127464766008,36.1834,-5.3933
WRI1006302,CANDELARIA 9  VAPOR 5,ESP,Spain,oil,153.94,1979,41,35,-6,0.7621714285714286,7.0,0.24823452977048066,28.3548,-16.3727
WRI1006308,CARTAGENA GRUPO 1,ESP,Spain,gas,1248.82,2006,14,35,21,0.40392,4.0,0.3282127464766008,37.5732,-0.9392
WRI1006309,CAS TRESORER TG3  CC2,ESP,Spain,gas,429.0,2009,11,35,24,0.40392,4.0,0.3282127464766008,39.5672,2.6895
WRI1006317,CASTEJON  GRUPO 2,ESP,Spain,gas,797.41,2007,13,35,22,0.40392,4.0,0.3282127464766008,42.1718,-1.6773
WRI1006318,CASTELLON,ESP,Spain,gas,782.0,2002,18,35,17,0.40392,4.0,0.3282127464766008,39.9592,-0.001
WRI1006322,CCC BAHIA DE ALGECIRAS,ESP,Spain,gas,820.536,2009,11,35,24,0.40392,4.0,0.3282127464766008,36.1829,-5.3905
WRI1006323,CCC SAGUNTO  GRUPO 2,ESP,Spain,gas,1232.19,2007,13,35,22,0.40392,4.0,0.3282127464766008,39.6426,-0.2344
WRI1006343,CEUTA  GRUPO 13,ESP,Spain,oil,48.7,2011,9,35,26,0.7621714285714286,7.0,0.24823452977048066,35.89,-5.35
WRI1006342,CEUTA 9  G-9,ESP,Spain,oil,11.5,2001,19,35,16,0.7621714285714286,7.0,0.24823452977048066,35.89,-5.35
WRI1006345,CG NUFRI-1,ESP,Spain,oil,13.56,2011,9,35,26,0.7621714285714286,7.0,0.24823452977048066,41.6333,0.9
WRI1006355,CICLO COMBINADO DE CASTELNOU,ESP,Spain,gas,790.68,2006,14,35,21,0.40392,4.0,0.3282127464766008,41.2167,-0.2928
WRI1006377,COGENERACION MOTRIL,ESP,Spain,gas,48.8,2001,19,35,16,0.40392,4.0,0.3282127464766008,36.7334,-3.5413
WRI1006378,COGENERACION NAVIA,ESP,Spain,gas,24.0,2006,14,35,21,0.40392,4.0,0.3282127464766008,43.5354,-6.7193
WRI1006381,COGENERACION REPSOL,ESP,Spain,oil,40.83,1994,26,35,9,0.7621714285714286,7.0,0.24823452977048066,38.6871,-4.1073
WRI1006390,COLORTEX,ESP,Spain,gas,12.68,2006,14,35,21,0.40392,4.0,0.3282127464766008,38.8167,-0.6167
WRI1006403,COTASA,ESP,Spain,gas,14.071,2006,14,35,21,0.40392,4.0,0.3282127464766008,40.0667,-0.2
WRI1006404,CRISTOBAL COLON,ESP,Spain,gas,390.94,2006,14,35,21,0.40392,4.0,0.3282127464766008,37.2156,-6.943
WRI1006406,CT ESCOMBRERAS 5,ESP,Spain,oil,537.28,1968,52,35,-17,0.7621714285714286,7.0,0.24823452977048066,37.5645,-0.9513
WRI1006409,CT SANTURCE 2,ESP,Spain,oil,897.02,1972,48,35,-13,0.7621714285714286,7.0,0.24823452977048066,43.34,-3.0539
WRI1006410,CTCC AS PONTES  GRUPO 5,ESP,Spain,gas,855.67,2008,12,35,23,0.40392,4.0,0.3282127464766008,43.4451,-7.8621
WRI1006412,CTCC CASTEJON  GRUPO 1,ESP,Spain,gas,424.91,2002,18,35,17,0.40392,4.0,0.3282127464766008,42.1718,-1.6773
WRI1006413,CTCC CASTELLON  GRUPO 4,ESP,Spain,gas,839.35,2008,12,35,23,0.40392,4.0,0.3282127464766008,39.9592,-0.001
WRI1006414,CTCC ESCATRON,ESP,Spain,gas,274.635,2007,13,35,22,0.40392,4.0,0.3282127464766008,41.2977,-0.3376
WRI1006415,CTCC ESCOMBRERAS,ESP,Spain,gas,815.64,2006,14,35,21,0.40392,4.0,0.3282127464766008,37.5732,-0.9392
WRI1006416,CTCC PLANA DEL VENT 2,ESP,Spain,gas,819.03,2007,13,35,22,0.40392,4.0,0.3282127464766008,40.9596,0.8692
WRI1006417,CTCC SABON  GRUPO 3,ESP,Spain,gas,391.31,2008,12,35,23,0.40392,4.0,0.3282127464766008,43.329,-8.503
WRI1006418,CTCC SOTO DE RIBERA  GRUPO 5,ESP,Spain,gas,854.1700000000001,2011,9,35,26,0.40392,4.0,0.3282127464766008,43.3161,-5.8777
WRI1006426,ECOCARBURANTES,ESP,Spain,gas,21.666,2012,8,35,27,0.40392,4.0,0.3282127464766008,37.6051,-0.9862
WRI1006454,ENCE - PONTEVEDRA $$,ESP,Spain,gas,26.62,2008,12,35,23,0.40392,4.0,0.3282127464766008,42.4167,-8.6667
WRI1006455,ENCE ENERGIA HUELVA  S.L.U. $$,ESP,Spain,gas,50.0,2012,8,35,27,0.40392,4.0,0.3282127464766008,37.2583,-6.9508
WRI1006456,ENEMANSA,ESP,Spain,oil,16.0,2003,17,35,18,0.7621714285714286,7.0,0.24823452977048066,39.2379,-3.4233
WRI1006460,ENERGYWORKS CARBALLO  S.L.,ESP,Spain,oil,13.18,2012,8,35,27,0.7621714285714286,7.0,0.24823452977048066,43.213,-8.691
WRI1006465,ESCATRON,ESP,Spain,gas,804.36,2008,12,35,23,0.40392,4.0,0.3282127464766008,41.2977,-0.3376
WRI1006467,ESCOMBRERAS GRUPO 1,ESP,Spain,gas,1199.25,2006,14,35,21,0.40392,4.0,0.3282127464766008,7.5732,-0.9392
WRI1006477,FERTIMOLINA,ESP,Spain,gas,10.0,2000,20,35,15,0.40392,4.0,0.3282127464766008,40.8436,-1.8876
WRI1006480,FINSA-SANTIAGO,ESP,Spain,gas,23.96,2002,18,35,17,0.40392,4.0,0.3282127464766008,42.8805,-8.5457
WRI1006483,FORESTAL DEL ATLANTICO,ESP,Spain,oil,24.8,2012,8,35,27,0.7621714285714286,7.0,0.24823452977048066,43.4604,-8.2551
WRI1006494,GARONA VERDA,ESP,Spain,gas,14.95,1999,21,35,14,0.40392,4.0,0.3282127464766008,0.7046,42.8025
WRI1006500,GENSABON,ESP,Spain,gas,12.0,1999,21,35,14,0.40392,4.0,0.3282127464766008,43.3048,-8.5075
WRI1006506,GRANADILLA 1  GAS 1,ESP,Spain,oil,693.34,1990,30,35,5,0.7621714285714286,7.0,0.24823452977048066,28.0863,-16.4939
WRI1006523,GUASCOR,ESP,Spain,gas,13.5,2006,14,35,21,0.40392,4.0,0.3282127464766008,42.2793,-1.7463
WRI1006524,GUIA DE ISORA GAS 1,ESP,Spain,oil,43.1,2006,14,35,21,0.7621714285714286,7.0,0.24823452977048066,28.2115,-16.7795
WRI1006564,JINAMAR 10  GAS 2,ESP,Spain,oil,234.46000000000004,1989,31,35,4,0.7621714285714286,7.0,0.24823452977048066,28.0424,-15.4114
WRI1006611,LAS SALINAS 12  DIESEL 9,ESP,Spain,oil,72.11,2005,15,35,20,0.7621714285714286,7.0,0.24823452977048066,28.5004,-13.8627
WRI1006615,LAS SALINAS 8  GAS 2,ESP,Spain,oil,51.25,2000,20,35,15,0.7621714285714286,7.0,0.24823452977048066,28.5004,-13.8627
WRI1006617,LAS SALINAS 9 (GAS MOVIL 1),ESP,Spain,oil,11.74,1988,32,35,3,0.7621714285714286,7.0,0.24823452977048066,28.5004,-13.8627
WRI1006642,LOS GUINCHOS 15   GAS MOVIL 2,ESP,Spain,oil,67.3,2006,14,35,21,0.7621714285714286,7.0,0.24823452977048066,28.6538,-17.7867
WRI1006655,MAHON 10  BURMEISTER N 2,ESP,Spain,oil,195.19999999999996,1991,29,35,6,0.7621714285714286,7.0,0.24823452977048066,39.8964,4.2597
WRI1006662,MAHON TG4,ESP,Spain,gas,50.0,2008,12,35,23,0.40392,4.0,0.3282127464766008,39.8964,4.2597
WRI1006664,MALA1 (CTCC MALAGA),ESP,Spain,gas,415.509,2009,11,35,24,0.40392,4.0,0.3282127464766008,36.7495,-4.5631
WRI1006672,MELILLA 13,ESP,Spain,oil,46.900000000000006,2008,12,35,23,0.7621714285714286,7.0,0.24823452977048066,35.29,-2.94
WRI1006677,MICHELIN ARANDA,ESP,Spain,gas,31.866,2003,17,35,18,0.40392,4.0,0.3282127464766008,41.6704,-3.6892
WRI1006678,MICHELIN VALLADOLID $$,ESP,Spain,gas,46.0,2006,14,35,21,0.40392,4.0,0.3282127464766008,41.6552,-4.7237
WRI1006705,NEUMATICOS MICHELIN-VITORIA,ESP,Spain,gas,47.0,2006,14,35,21,0.40392,4.0,0.3282127464766008,42.85,-2.6667
WRI1006706,NUFRI,ESP,Spain,gas,10.0,2005,15,35,20,0.40392,4.0,0.3282127464766008,41.6333,0.9
WRI1007283,PALOS DE LA FRONTERA GRUPO 1,ESP,Spain,gas,1167.0,2004,16,35,19,0.40392,4.0,0.3282127464766008,37.1843,-6.8857
WRI1007287,PAPELERA GUIPUZCOANA,ESP,Spain,gas,79.918,2006,14,35,21,0.40392,4.0,0.3282127464766008,43.2596,-1.9688
WRI1007290,PAPELERA ROMANI,ESP,Spain,oil,18.801,1999,21,35,14,0.7621714285714286,7.0,0.24823452977048066,43.3,-7.5833
WRI1007779,PLANTA SECADO TERMICO DE LODOS E.R.A.R. DE BUTARQUE,ESP,Spain,gas,18.0,2006,14,35,21,0.40392,4.0,0.3282127464766008,37.5624,-5.1254
WRI1007821,PUERTO DE BARCELONA  GRUPO 2,ESP,Spain,gas,866.3,2010,10,35,25,0.40392,4.0,0.3282127464766008,41.3366,2.1594
WRI1007826,PUNTA GRANDE 19 DIESEL 11,ESP,Spain,oil,184.94999999999996,2013,7,35,28,0.7621714285714286,7.0,0.24823452977048066,28.963,-13.5477
WRI1007845,REPSOL PUERTOLLANO,ESP,Spain,gas,80.5,1994,26,35,9,0.40392,4.0,0.3282127464766008,38.6478,-4.1214
WRI1007864,SALINAS BRAS DEL PORT  S.A.,ESP,Spain,gas,10.0,2006,14,35,21,0.40392,4.0,0.3282127464766008,42.5741,0.1824
WRI1007879,SAN ROQUE GRUPO 2,ESP,Spain,gas,791.6800000000001,2002,18,35,17,0.40392,4.0,0.3282127464766008,36.1955,-5.4131
WRI1007889,SANTURCE  GRUPO 4,ESP,Spain,gas,396.4,2005,15,35,20,0.40392,4.0,0.3282127464766008,43.34,-3.0539
WRI1007923,SNIACE,ESP,Spain,gas,93.0,2006,14,35,21,0.40392,4.0,0.3282127464766008,42.5273,-8.0086
WRI1007932,SON REUS 3  TURBINA DE GAS N 3,ESP,Spain,oil,563.75,2000,20,35,15,0.7621714285714286,7.0,0.24823452977048066,39.65,2.6807
WRI1007956,TARRAGONA,ESP,Spain,gas,802.84,2004,16,35,19,0.40392,4.0,0.3282127464766008,41.1081,1.1912
WRI1007968,TIOXIDE EUROPE S.L.,ESP,Spain,gas,10.0,2009,11,35,24,0.40392,4.0,0.3282127464766008,37.2583,-6.9508
WRI1007973,TORRASPAPEL-MONTANANESA,ESP,Spain,gas,22.0,2006,14,35,21,0.40392,4.0,0.3282127464766008,41.6561,-0.8773
WRI1007975,TORTOSA ENERGIA,ESP,Spain,gas,39.58,2011,9,35,26,0.40392,4.0,0.3282127464766008,40.8125,0.5216
WRI1007994,TRUCHAS DEL CINCA,ESP,Spain,gas,23.92,1999,21,35,14,0.40392,4.0,0.3282127464766008,42.1519,0.2225
WRI1008027,VETEJAR,ESP,Spain,oil,12.9,2010,10,35,25,0.7621714285714286,7.0,0.24823452977048066,42.702,0.7956
WRI1029978,Nya Öresundsverket,SWE,Sweden,gas,440.0,1980,40,35,-5,0.40392,4.0,0.01743985551693587,55.6261,13.0404
WRI1029979,Rya,SWE,Sweden,gas,261.0,1980,40,35,-5,0.40392,4.0,0.01743985551693587,57.6924,11.8905
WRI1029980,Stenungsund,SWE,Sweden,oil,840.0,1990,30,35,5,0.7621714285714286,7.0,0.013181805827353774,58.0863,11.8435
WRI1019441,Värme,SWE,Sweden,gas,639.0,1980,40,35,-5,0.40392,4.0,0.01743985551693587,59.3532,18.0985
